id,type,provider,providerAccountId,refresh_token,access_token,expires_at,token_type,scope,id_token,session_state,userId
cluhz95c5000078elg5r46i83,Admin,qq,591519722,,,,,,,,cluhz95c5000078elg5r46831
q6gowl4pci6oi0hmvks4nl7f,User,"",lzmobct8xhbgwbvq1uui2cc2,,,,,,,,iudb05ojdpzsq5pkvmjaqcv9
mnrc2ga3zac8wm2wz26529kh,User,"",b1d38yf65g73al6t0l0jl3l8,,,,,,,,nvwi4fa4f4t97x60p5fi6388
f96518j3j8svzojw9dc0nmtq,User,"",gpgsqsul23wn1c70cz5osd7s,,,,,,,,yh87x8ji0uplw93oeqz27ziw
g9vkvfipltvxxaihd6b5wnms,User,"",cjzb7hbfucb27jmob3tac46g,,,,,,,,dbjeiqqxizk79uggmx4dvuoq
idecgnroawoytzeq8sjfzn2h,User,"",xc9g3mzvz2yap3zzl478fbe7,,,,,,,,ke7aax2oda52wdd62w0w55t2
x7hvhka59b1m268kv1m3x5u5,User,"",t0qzt2wxovjxhu0paj23427l,,,,,,,,bwe6oxf6iljeoaq6xfcpvhzk
u2vu4bmqq9bikzf8vufz4bpe,User,"",qobppmgxmf71pouqlx288emh,,,,,,,,i8vdv4ph759nfdb4zeari6a9
hfvmz4bvln2ny576lxcchd22,User,"",metsuxxsnhrvbwxnmkfjkkvv,,,,,,,,plsf4zeu8jd9r7dzbjnqcekz
