id,name,type,captureable,baseLv,experience,partsExperience,initialElement,radius,maxhp,physicalDefense,physicalResistance,magicalDefense,magicalResistance,criticalResistance,avoidance,dodge,block,normalDefExp,physicDefExp,magicDefExp,actions,details,dataSources,statisticId,updatedByAccountId,createdByAccountId,write_id
clv6uxjlm000xwv1fb3g0tjv4,薇芮娜·超柯尔连生体,Boss,f,195,57000,0,Fire,1,0,819,7,585,7,5,438,6,0,1,1,5,"{""name"": ""缺省值"", ""agent"": """", ""definition"": """", ""memberType"": ""Mob""}",经验值包括柱子。一阶段受到翻覆后获得高额减伤；三阶段受到翻覆后会在自身脚下释放漩涡。,fengli,24,cluhz95c5000078elg5r46i83,cluhz95c5000078elg5r46i83,a8726874-8bb8-4c20-9562-3568cb2661e8
clv6ubaz1000pwv1fgzxpbjxd,魔人库维扎,Boss,f,185,40500,0,Dark,1,0,925,7,925,7,25,415,5,0,5,5,5,"{""name"": ""缺省值"", ""agent"": """", ""definition"": """", ""memberType"": ""Mob""}",无,fengli,2,cluhz95c5000078elg5r46i83,cluhz95c5000078elg5r46i83,6a9727c0-60c6-4128-ba35-ff862184456e
clv6wmh4w001rwv1f8aa3u6vh,护卫魔像,Boss,f,232,38000,0,Normal,1,0,1160,25,1160,25,20,418,0,25,0,0,0,"{""name"": ""缺省值"", ""agent"": """", ""definition"": """", ""memberType"": ""Mob""}",血量低于50%以后切换形态；红色形态的回血期间受到麻痹会被打断。,fengli,13,cluhz95c5000078elg5r46i83,cluhz95c5000078elg5r46i83,c9148d97-187b-4cea-a99d-93a93d1eeca9
clv6y70u50025wv1fqyhsjcz9,多米纳雷多尔,Boss,f,253,32500,0,Dark,1,0,1265,50,1265,50,30,450,5,20,5,1,1,"{""name"": ""缺省值"", ""agent"": """", ""definition"": """", ""memberType"": ""Mob""}",每失去一个球，双抗降低10%，并降低闪躲率和格挡率,fengli,6,cluhz95c5000078elg5r46i83,cluhz95c5000078elg5r46i83,4e1542f4-5126-4e94-be24-404febb385ce
cluvhx0r9001hu048vx81qiei,薇芮娜·柯尔连生体,Boss,f,150,30000,0,Fire,1,0,300,6,200,6,0,75,0,7,0,10,5,"{""name"": ""缺省值"", ""agent"": """", ""definition"": """", ""memberType"": ""Mob""}",无,fengli,43,cluhz95c5000078elg5r46i83,cluhz95c5000078elg5r46i83,a8c6aff0-cb61-464e-abd0-85ab5a835fa8
clv6y2u4t0023wv1f6o35glva,乐龙雷多尔基,Boss,f,250,28900,0,Normal,1,7000000,500,10,875,10,35,375,0,0,7,3,5,"{""name"": ""缺省值"", ""agent"": """", ""definition"": """", ""memberType"": ""Mob""}",受到翻覆后会反击（即使翻覆由boss自身的技能施加）,fengli,7,cluhz95c5000078elg5r46i83,cluhz95c5000078elg5r46i83,ebd49f30-f28d-4774-8325-caa26fca746f
clv6uoufi000twv1fal4xlw5j,魔晶鹫,Boss,f,190,27200,0,Dark,1,0,523,7,618,7,15,428,10,5,10,5,5,"{""name"": ""缺省值"", ""agent"": """", ""definition"": """", ""memberType"": ""Mob""}",第二阶段属性会变为风属性,fengli,28,cluhz95c5000078elg5r46i83,cluhz95c5000078elg5r46i83,c0f24f87-145d-4584-872b-604e8d50c807
clv6xtcs70021wv1fnuz01uwx,伽拉木瓦,Boss,f,247,26400,0,Wind,1,6260000,494,9,988,9,35,444,10,0,15,10,5,"{""name"": ""缺省值"", ""agent"": """", ""definition"": """", ""memberType"": ""Mob""}",仇恨目标距离太远时，会转移到地图右侧，并暂时无敌。,fengli,8,cluhz95c5000078elg5r46i83,cluhz95c5000078elg5r46i83,cdc968f2-7696-4000-b255-9db9ef93fb21
clv6vjtv30019wv1fcyunhqls,雷丽莎,Boss,f,210,26200,0,Dark,1,0,420,8,630,8,30,630,5,5,0,1,10,"{""name"": ""缺省值"", ""agent"": """", ""definition"": """", ""memberType"": ""Mob""}",第二阶段血量降低至50%以下后，暴击抗性提高至500,fengli,20,cluhz95c5000078elg5r46i83,cluhz95c5000078elg5r46i83,4fe40c2b-18b3-4a6b-90bb-64b0d246271f
clv6xkuou001zwv1fvj8ksq3a,恶龙法奇诺,Boss,f,244,25870,0,Dark,1,6100000,488,9,854,9,40,367,0,5,5,1,1,"{""name"": ""缺省值"", ""agent"": """", ""definition"": """", ""memberType"": ""Mob""}",小怪存在时，限制伤害，无法被昏厥、翻覆,fengli,9,cluhz95c5000078elg5r46i83,cluhz95c5000078elg5r46i83,806a22b4-bad9-4abf-8160-ece7be584350
clv6wik7s001pwv1fkf2t5c6z,犰尔达,Boss,f,229,25000,0,Earth,1,5500000,1717,39,1717,39,40,343,0,30,1,1,5,"{""name"": ""缺省值"", ""agent"": """", ""definition"": """", ""memberType"": ""Mob""}",部位被破坏时，降低抗性与防御,fengli,14,cluhz95c5000078elg5r46i83,cluhz95c5000078elg5r46i83,88b25797-5031-4a5b-a633-229b61fc1804
clv6um51d000rwv1f4aqjbn5m,伏地蛇,Boss,f,187,24760,0,Dark,1,0,467,7,467,7,25,336,0,0,0,5,5,"{""name"": ""缺省值"", ""agent"": """", ""definition"": """", ""memberType"": ""Mob""}",受到单次伤害超过一定值以后会改变自身属性，提高暴击抗性并限制自身受到的伤害额度。60%血以上时变属为火属性；60%以下变为无属性。,fengli,29,cluhz95c5000078elg5r46i83,cluhz95c5000078elg5r46i83,a7a602cc-da97-4fcf-804c-648c588c3917
clv6ydapf0029wv1fz5zss4fd,尉龙鲁迪斯,Boss,f,259,24600,0,Earth,1,0,647,10,906,10,35,388,0,10,10,5,5,"{""name"": ""缺省值"", ""agent"": """", ""definition"": """", ""memberType"": ""Mob""}",部位受到破坏时，解除昏厥免疫,fengli,4,cluhz95c5000078elg5r46i83,cluhz95c5000078elg5r46i83,8516e8ae-e6b9-41d7-93b0-796a50fe904b
clv6xdtcv001xwv1ft4jvd8r1,丝岩比尔,Boss,f,241,24400,0,Fire,1,0,361,9,723,9,55,541,0,0,1,5,5,"{""name"": ""缺省值"", ""agent"": """", ""definition"": """", ""memberType"": ""Mob""}",生命值高于50%时，免疫胆怯,fengli,10,cluhz95c5000078elg5r46i83,cluhz95c5000078elg5r46i83,461df89b-abc9-4461-b77e-5b3066b72f39
clv6xawyo001vwv1fcicqcor2,欺龙米缪加,Boss,f,238,22600,0,Earth,1,0,2620,9,2620,9,35,357,0,5,0,10,15,"{""name"": ""缺省值"", ""agent"": """", ""definition"": """", ""memberType"": ""Mob""}",部位被破坏后，防御力降低。,fengli,11,cluhz95c5000078elg5r46i83,cluhz95c5000078elg5r46i83,0947c93b-d931-4579-b02b-1274ede1f78a
clv6y9m8z0027wv1fu3g36iei,萨波,Boss,f,256,22100,0,Water,1,0,896,10,640,10,30,576,10,5,5,5,10,"{""name"": ""缺省值"", ""agent"": """", ""definition"": """", ""memberType"": ""Mob""}",无,fengli,5,cluhz95c5000078elg5r46i83,cluhz95c5000078elg5r46i83,903c5139-421b-4839-9599-e7d6729039a7
clv6we81i001nwv1ftd6jymzi,奥克拉辛,Boss,f,226,21100,0,Dark,1,0,987,30,987,30,30,338,0,0,5,5,5,"{""name"": ""缺省值"", ""agent"": """", ""definition"": """", ""memberType"": ""Mob""}",部位被破坏时，降低抗性与防御,fengli,15,cluhz95c5000078elg5r46i83,cluhz95c5000078elg5r46i83,99983269-be21-4984-b8ed-8c7a35daec2a
clv6x7ebl001twv1fnhnoc8ln,灼龙伊戈涅乌斯,Boss,f,235,20800,0,Fire,1,0,823,9,823,9,20,350,1,1,10,15,20,"{""name"": ""缺省值"", ""agent"": """", ""definition"": """", ""memberType"": ""Mob""}",血量降低至50%以后，抗性增加，并在一段时间免疫控制。,fengli,12,cluhz95c5000078elg5r46i83,cluhz95c5000078elg5r46i83,8de48b65-c52c-4ce9-8ada-1ae1163a14a0
clv6wboec001lwv1ftpa30r93,威琉魔,Boss,f,223,20600,0,Normal,1,0,892,8,892,8,25,334,0,30,5,5,10,"{""name"": ""缺省值"", ""agent"": """", ""definition"": """", ""memberType"": ""Mob""}",按距离变色，紫色抗性增加,fengli,16,cluhz95c5000078elg5r46i83,cluhz95c5000078elg5r46i83,30fb1d63-a761-4ddd-b46d-47914214b84b
clv6ttfvh000jwv1fczqjwzxb,扎菲洛加,Boss,f,181,20270,0,Dark,1,3800000,315,7,315,7,20,135,0,10,0,5,10,"{""name"": ""缺省值"", ""agent"": """", ""definition"": """", ""memberType"": ""Mob""}",无,fengli,31,cluhz95c5000078elg5r46i83,cluhz95c5000078elg5r46i83,b69053bb-1157-4bc9-ba28-61694530ce1f
clv6th6cu000fwv1fje7s1gmj,结晶兽,Boss,f,175,20200,0,Dark,1,0,437,7,437,7,10,655,2,0,0,5,5,"{""name"": ""缺省值"", ""agent"": """", ""definition"": """", ""memberType"": ""Mob""}",无,fengli,34,cluhz95c5000078elg5r46i83,cluhz95c5000078elg5r46i83,d0db548a-2fa2-4c07-a82f-339a150aa57e
clv6u8d9t000nwv1fjbmbyohh,佛拉布喇·远,Boss,f,184,19190,0,Normal,1,5150000,184,7,736,21,0,552,21,0,0,100,100,"{""name"": ""缺省值"", ""agent"": """", ""definition"": """", ""memberType"": ""Mob""}",仇恨值目标在7m外时的状态,fengli,30,cluhz95c5000078elg5r46i83,cluhz95c5000078elg5r46i83,ad1513d0-3007-4df2-ae97-4762493c9594
clv6u40id000lwv1fw2chusr7,佛拉布喇·近,Boss,f,184,19190,0,Normal,1,5150000,552,21,184,7,0,276,0,14,0,100,100,"{""name"": ""缺省值"", ""agent"": """", ""definition"": """", ""memberType"": ""Mob""}",仇恨值目标7m内时的状态,fengli,32,cluhz95c5000078elg5r46i83,cluhz95c5000078elg5r46i83,974f9614-860b-4db2-a5e4-e1631ac837a9
clv6nykby000dwv1f0psvbizc,魔蚀皮鲁兹,Boss,f,172,18700,0,Fire,1,0,602,26,498,26,20,258,1,0,0,20,5,"{""name"": ""缺省值"", ""agent"": """", ""definition"": """", ""memberType"": ""Mob""}",无,fengli,35,cluhz95c5000078elg5r46i83,cluhz95c5000078elg5r46i83,9b79990f-1bee-4272-adaf-ce44ab8d7179
clv6tmq9x000hwv1fu7b0bmsr,库斯特,Boss,f,178,18200,0,Earth,1,0,534,7,534,7,25,267,5,5,0,5,5,"{""name"": ""缺省值"", ""agent"": """", ""definition"": """", ""memberType"": ""Mob""}",生命值每降低33%切换一阶段。每次切换阶段会进行召唤，可用控制打断。,fengli,33,cluhz95c5000078elg5r46i83,cluhz95c5000078elg5r46i83,f69ebbab-72b8-4ee3-a9c7-222fe91f0aa2
clv6vznrs001hwv1f78z595uu,兵龙达鲁巴,Boss,f,217,16700,0,Earth,1,0,596,8,705,8,40,487,5,35,10,5,10,"{""name"": ""缺省值"", ""agent"": """", ""definition"": """", ""memberType"": ""Mob""}",部位被破坏时，格挡率会降低。,fengli,17,cluhz95c5000078elg5r46i83,cluhz95c5000078elg5r46i83,6424f83b-59ab-4a38-807d-469361447503
clv6w6zqu001jwv1fq5r6q9dv,炎龙布兰玛,Boss,f,220,16700,0,Fire,1,5600000,880,8,880,8,30,412,7,0,10,10,15,"{""name"": ""缺省值"", ""agent"": """", ""definition"": """", ""memberType"": ""Mob""}",血量越低，抗性与防御越低,fengli,1,cluhz95c5000078elg5r46i83,cluhz95c5000078elg5r46i83,e9c7b77e-06b2-48ff-9927-817369b854fb
clv6vuo5d001fwv1fg5wuac1z,卒龙灾比欧,Boss,f,214,16200,0,Normal,1,0,642,8,535,8,20,642,10,0,5,10,5,"{""name"": ""缺省值"", ""agent"": """", ""definition"": """", ""memberType"": ""Mob""}",单次伤害超过50万会召唤小怪。,fengli,18,cluhz95c5000078elg5r46i83,cluhz95c5000078elg5r46i83,07baaa92-d5d0-46dc-962c-19803b47c7da
clv6kuovw0005wv1fex3b30tk,泽雷萨乌迦,Boss,f,160,15300,0,Light,1,0,320,6,320,6,25,240,10,10,0,10,20,"{""name"": ""缺省值"", ""agent"": """", ""definition"": """", ""memberType"": ""Mob""}",无,fengli,39,cluhz95c5000078elg5r46i83,cluhz95c5000078elg5r46i83,c7b876e0-c9fe-4d10-a44b-b2a5611c6abd
clv6vraf5001dwv1f0mm86k44,岩龙菲尔岑,Boss,f,211,15150,0,Earth,1,3171000,1055,8,739,8,20,316,2,8,0,10,20,"{""name"": ""缺省值"", ""agent"": """", ""definition"": """", ""memberType"": ""Mob""}",被破坏部位后防御力会降低，并能释放更多种类的技能,fengli,3,cluhz95c5000078elg5r46i83,cluhz95c5000078elg5r46i83,5ad76f18-afe4-412f-92d8-0ced619ee151
clv6vgjhg0017wv1fkdtn4tb8,移儡原生质体,Boss,f,205,14460,0,Normal,1,0,922,8,307,8,100,307,0,25,0,1,1,"{""name"": ""缺省值"", ""agent"": """", ""definition"": """", ""memberType"": ""Mob""}",受到冰冻后，暴击抗性降低为零；生命值降低至75%以下时，属性变为风属性,fengli,21,cluhz95c5000078elg5r46i83,cluhz95c5000078elg5r46i83,4ca0ef7b-208c-434a-a593-79c5b20eba82
cluv8t0860009u048a24icquk,嗜人蝎狮,Boss,f,100,14400,0,Normal,1,0,220,4,242,4,0,248,3,9,0,20,40,"{""name"": ""缺省值"", ""agent"": """", ""definition"": """", ""memberType"": ""Mob""}",无,fengli,65,cluhz95c5000078elg5r46i83,cluhz95c5000078elg5r46i83,a2b32606-1601-40c6-b023-8021e96093b3
clv6vo2mo001bwv1f0vxczx5u,晶玛体,Boss,f,208,14080,0,Fire,1,0,728,16,728,16,20,468,3,3,0,5,10,"{""name"": ""缺省值"", ""agent"": """", ""definition"": """", ""memberType"": ""Mob""}",每降低25%最大生命值，会进入一段时间的高抗性状态，受到：昏厥、麻痹、着火会解除该状态。,fengli,19,cluhz95c5000078elg5r46i83,cluhz95c5000078elg5r46i83,00ab2979-c516-4add-9a9a-2f05508479fc
clv6l4vfl0009wv1f55hypfwe,暗龙费因斯坦,Boss,f,166,14000,0,Dark,1,0,246,6,249,6,0,25,1,1,100,1,10,"{""name"": ""缺省值"", ""agent"": """", ""definition"": """", ""memberType"": ""Mob""}",半血后获得高额暴击抗性，受到控制后可解除一段时间,fengli & 托一辈子吗,36,cluhz95c5000078elg5r46i83,cluhz95c5000078elg5r46i83,1dcc8d46-e8ea-4005-b26d-8e1425303634
clv6vcla70015wv1f003qb6ks,塔利结晶兽,Boss,f,202,13420,0,Wind,1,0,606,8,606,8,20,303,10,1,0,5,25,"{""name"": ""缺省值"", ""agent"": """", ""definition"": """", ""memberType"": ""Mob""}",开局释放天火和风刃完毕前，暴击抗性为100,fengli,22,cluhz95c5000078elg5r46i83,cluhz95c5000078elg5r46i83,26d18412-add1-4a9c-9455-75dac9b3683e
clv6l98a5000bwv1fn2zs6knp,修斯古巨兽,Boss,f,169,13300,0,Earth,1,0,422,6,263,6,0,253,4,0,0,5,20,"{""name"": ""缺省值"", ""agent"": """", ""definition"": """", ""memberType"": ""Mob""}",半血后增加对物理、魔法伤害的暴击抗性,fengli,37,cluhz95c5000078elg5r46i83,cluhz95c5000078elg5r46i83,0d1da1b7-6e4c-43e3-87a5-d6c5241420a8
clv6v9cog0013wv1f6vymc7ea,黑影,Boss,f,199,12500,0,Dark,1,0,398,7,597,7,10,298,4,4,0,10,10,"{""name"": ""缺省值"", ""agent"": """", ""definition"": """", ""memberType"": ""Mob""}",受到伤害累计超过一定值后属性变更为火属性。,fengli,23,cluhz95c5000078elg5r46i83,cluhz95c5000078elg5r46i83,aa42d708-413f-41f7-8423-1eddbee59e00
cluvi2py9001lu048nvjh3joe,漂漂妈,Boss,f,151,12400,0,Water,1,0,226,6,271,6,0,226,5,0,0,15,20,"{""name"": ""缺省值"", ""agent"": """", ""definition"": """", ""memberType"": ""Mob""}",无,fengli,101,cluhz95c5000078elg5r46i83,cluhz95c5000078elg5r46i83,f338bfb5-adb8-4dfd-90fc-d14323f44f90
cluvh2f6u000tu0488nxl4vy8,龙兽半魔像,Boss,f,124,12240,0,Normal,1,0,248,15,372,15,0,186,2,20,0,50,50,"{""name"": ""缺省值"", ""agent"": """", ""definition"": """", ""memberType"": ""Mob""}",无,fengli,55,cluhz95c5000078elg5r46i83,cluhz95c5000078elg5r46i83,14b9ddd0-0370-4ee6-9731-3472e000dc89
clv6kyheu0007wv1f5wpb3zv4,皮多大王,Boss,f,163,12000,0,Water,1,0,789,15,244,15,10,122,5,20,0,30,30,"{""name"": ""缺省值"", ""agent"": """", ""definition"": """", ""memberType"": ""Mob""}",无,fengli,38,cluhz95c5000078elg5r46i83,cluhz95c5000078elg5r46i83,6eed0e36-db51-4890-a8ff-cd48055f7db1
clv6v4ws60011wv1f5ztq57so,恶灵巨蛛,Boss,f,196,11600,0,Dark,1,0,511,7,392,7,0,353,4,4,0,20,20,"{""name"": ""缺省值"", ""agent"": """", ""definition"": """", ""memberType"": ""Mob""}",最后阶段飞天开始向后位移时可以被控制。,fengli,25,cluhz95c5000078elg5r46i83,cluhz95c5000078elg5r46i83,c1b1f5d2-8fd7-4174-ae95-00606ece34f0
clv6usbws000vwv1f8l91l44n,皮斯泰乌鱼,Boss,f,193,11300,0,Water,1,0,386,7,482,7,0,433,8,0,0,10,15,"{""name"": ""缺省值"", ""agent"": """", ""definition"": """", ""memberType"": ""Mob""}",无,fengli,27,cluhz95c5000078elg5r46i83,cluhz95c5000078elg5r46i83,c8794b32-172e-46cc-994a-6f6b61546070
clv6ka17y0001wv1fy5sj57bv,齐尔布兹,Boss,f,154,11100,0,Light,1,1600000,539,6,462,6,10,116,10,10,0,20,20,"{""name"": ""缺省值"", ""agent"": """", ""definition"": """", ""memberType"": ""Mob""}",无,fengli,41,cluhz95c5000078elg5r46i83,cluhz95c5000078elg5r46i83,06220f1c-c7a2-4f50-9e7d-b09a57f44f9c
cluvhlw78001bu0484mat8wmw,剑型曼特恩,Boss,f,143,11000,0,Wind,1,0,400,15,500,15,0,428,0,0,0,5,5,"{""name"": ""缺省值"", ""agent"": """", ""definition"": """", ""memberType"": ""Mob""}",无,fengli,47,cluhz95c5000078elg5r46i83,cluhz95c5000078elg5r46i83,7ff13a96-cf5c-4890-abd0-e4ce444f3f61
cluvhh45f0017u048xpsrfz4d,终极半魔像,Boss,f,139,10500,0,Normal,1,0,417,10,417,10,15,208,0,9,0,30,15,"{""name"": ""缺省值"", ""agent"": """", ""definition"": """", ""memberType"": ""Mob""}",无,fengli,48,cluhz95c5000078elg5r46i83,cluhz95c5000078elg5r46i83,dae5a20a-dd7f-4d69-b2fa-1239ee99c5d3
cluvhplet001fu048asp0pkgn,结晶泰坦,Boss,f,148,9300,0,Dark,1,0,592,25,448,25,0,111,0,9,0,30,25,"{""name"": ""缺省值"", ""agent"": """", ""definition"": """", ""memberType"": ""Mob""}",无,fengli,45,cluhz95c5000078elg5r46i83,cluhz95c5000078elg5r46i83,ee8a34f1-0971-456d-b1e0-1dc16ac88b8b
cluvhzf33001ju048wrkhjt2r,柱状·柯尔连生体,Boss,f,145,9300,0,Dark,1,0,290,5,290,5,0,109,0,7,0,5,20,"{""name"": ""缺省值"", ""agent"": """", ""definition"": """", ""memberType"": ""Mob""}",无,fengli,42,cluhz95c5000078elg5r46i83,cluhz95c5000078elg5r46i83,b0a0b10b-9945-4ac2-b0d0-49c0865568cb
cluv7thfi000764bckwgsirxk,地狱三头犬,Boss,f,97,9220,0,Dark,1,0,146,3,146,3,0,255,6,12,0,20,30,"{""name"": ""缺省值"", ""agent"": """", ""definition"": """", ""memberType"": ""Mob""}",受到控制后会改变自身属性,fengli,70,cluhz95c5000078elg5r46i83,cluhz95c5000078elg5r46i83,07e6a3bf-71a8-43bd-a63f-9608aa216f0d
cluv90elr000du048hics57c5,战将复制体,Boss,f,106,8700,0,Fire,1,7800000,371,20,392,15,0,238,0,20,0,35,35,"{""name"": ""缺省值"", ""agent"": """", ""definition"": """", ""memberType"": ""Mob""}",无,fengli,62,cluhz95c5000078elg5r46i83,cluhz95c5000078elg5r46i83,206b67ae-067e-463e-8c5b-a4061ac5909e
cluvhk34o0019u0488ip7hlko,奥恩拉夫,Boss,f,142,8700,0,Light,1,9500000,107,5,710,5,30,692,15,5,0,1,1,"{""name"": ""缺省值"", ""agent"": """", ""definition"": """", ""memberType"": ""Mob""}",无,fengli,44,cluhz95c5000078elg5r46i83,cluhz95c5000078elg5r46i83,c182ee75-0be5-4b0e-9109-bbd0a98b1549
cluvh0ial000ru048060ee4vn,半魔像暴君,Boss,f,121,8400,0,Normal,1,0,61,4,61,4,0,543,6,10,0,10,10,"{""name"": ""缺省值"", ""agent"": """", ""definition"": """", ""memberType"": ""Mob""}",无,fengli,56,cluhz95c5000078elg5r46i83,cluhz95c5000078elg5r46i83,7e3966dc-6b0c-454d-8353-ebb978122b30
clusdm1jk000411x4v1xuk3ay,翡翠鸟,Boss,f,79,8400,0,Wind,1,0,158,3,198,3,0,177,0,50,0,40,40,"{""name"": ""缺省值"", ""agent"": """", ""definition"": """", ""memberType"": ""Mob""}",受控后一段时间内闪躲率提升,fengli,76,cluhz95c5000078elg5r46i83,cluhz95c5000078elg5r46i83,adc80d2b-cd77-4597-950d-148adb91a40d
cluv969jf000hu048anlwmncr,格雷西亚复制体,Boss,f,109,8150,0,Fire,1,0,164,35,218,35,0,302,5,5,0,35,40,"{""name"": ""缺省值"", ""agent"": """", ""definition"": """", ""memberType"": ""Mob""}",无,fengli,61,cluhz95c5000078elg5r46i83,cluhz95c5000078elg5r46i83,d9c290de-b059-454a-b7a6-58890d4fb166
cluvhfck00015u048idz8xt7f,怪穆尔,Boss,f,136,8100,0,Earth,1,0,204,5,204,5,25,204,5,15,0,1,2,"{""name"": ""缺省值"", ""agent"": """", ""definition"": """", ""memberType"": ""Mob""}",无,fengli,49,cluhz95c5000078elg5r46i83,cluhz95c5000078elg5r46i83,72afc374-a0ff-4416-b481-20d30f1124a9
clv6kgpjy0003wv1f2yl2xszc,马尔杜拉,Boss,f,157,8100,0,Light,1,0,157,6,393,6,10,470,15,1,0,5,5,"{""name"": ""缺省值"", ""agent"": """", ""definition"": """", ""memberType"": ""Mob""}",无,fengli,40,cluhz95c5000078elg5r46i83,cluhz95c5000078elg5r46i83,d5486e34-6ce4-43b8-b5d3-7cd5dd06a9cb
cluv8ijit0005u048knmhxyp9,薄暮巨龙,Boss,f,100,8000,0,Normal,1,0,180,4,260,4,0,255,6,12,0,20,30,"{""name"": ""缺省值"", ""agent"": """", ""definition"": """", ""memberType"": ""Mob""}",无,fengli,68,cluhz95c5000078elg5r46i83,cluhz95c5000078elg5r46i83,6e413541-4e8b-42be-b50d-dd559fe07cc4
clusdr2hb000611x4c0fujm0s,魔形机壳,Boss,f,85,7900,0,Dark,1,0,255,3,255,3,0,64,0,5,0,1,1,"{""name"": ""缺省值"", ""agent"": """", ""definition"": """", ""memberType"": ""Mob""}",无,fengli,74,cluhz95c5000078elg5r46i83,cluhz95c5000078elg5r46i83,1c081eff-9435-467d-b654-e48736cfcf85
cluvgvr59000pu048jlo772t4,热带梦貘,Boss,f,120,7800,0,Normal,1,7813000,144,4,168,4,0,360,5,5,0,25,40,"{""name"": ""缺省值"", ""agent"": """", ""definition"": """", ""memberType"": ""Mob""}",睡着了会回血,fengli,57,cluhz95c5000078elg5r46i83,cluhz95c5000078elg5r46i83,786a3a91-401b-445d-953b-7e94b70a35ad
cluv8uzts000bu048su2ccp8x,魔晶炮手,Boss,f,103,7610,0,Normal,1,0,216,4,247,4,0,123,1,20,0,40,50,"{""name"": ""缺省值"", ""agent"": """", ""definition"": """", ""memberType"": ""Mob""}",无,fengli,64,cluhz95c5000078elg5r46i83,cluhz95c5000078elg5r46i83,c6fb8a73-afee-4956-b87a-3b8d4c9555b9
cluvhnyrp001du0482l4o8sdg,香菇咪,Boss,f,145,7300,0,Water,1,0,261,5,290,5,0,434,11,0,0,20,25,"{""name"": ""缺省值"", ""agent"": """", ""definition"": """", ""memberType"": ""Mob""}",无,fengli,46,cluhz95c5000078elg5r46i83,cluhz95c5000078elg5r46i83,88e2d7cc-a65d-4858-8081-c03ea52f3ee0
cluvgo77p000nu048109v4tal,约克,Boss,f,118,6800,0,Normal,1,0,295,4,118,4,0,275,10,5,0,40,0,"{""name"": ""缺省值"", ""agent"": """", ""definition"": """", ""memberType"": ""Mob""}",无,fengli,59,cluhz95c5000078elg5r46i83,cluhz95c5000078elg5r46i83,3320b414-c7fb-4df7-a14b-65df22e31517
clusdtmw9000711x4k88rg3j7,虚假黑骑士,Boss,f,88,6600,0,Dark,1,0,176,23,176,23,0,231,12,2,0,30,30,"{""name"": ""缺省值"", ""agent"": """", ""definition"": """", ""memberType"": ""Mob""}",无,fengli,73,cluhz95c5000078elg5r46i83,cluhz95c5000078elg5r46i83,ec56943c-b6a5-47b5-9eeb-44bf8fcbc64a
clusdwmh4000811x43ejfjs8y,魔晶兽,Boss,f,91,6300,0,Dark,1,0,274,3,320,3,0,136,0,25,0,30,35,"{""name"": ""缺省值"", ""agent"": """", ""definition"": """", ""memberType"": ""Mob""}",无,fengli,72,cluhz95c5000078elg5r46i83,cluhz95c5000078elg5r46i83,cdf89d5e-3000-4df8-bcb5-e3dd54a2055c
cluvahldr000lu048n8tnj407,机甲狮将,Boss,f,115,6250,0,Earth,1,0,161,4,138,4,0,275,10,5,0,0,0,"{""name"": ""缺省值"", ""agent"": """", ""definition"": """", ""memberType"": ""Mob""}",无,fengli,60,cluhz95c5000078elg5r46i83,cluhz95c5000078elg5r46i83,874ff069-e3b5-4c07-94fe-8e0df0a020b0
cluvha2u2000zu04891jyz3wc,重装魔偶·蓝,Boss,f,133,6200,0,Wind,1,0,399,80,0,80,0,299,0,0,0,5,5,"{""name"": ""缺省值"", ""agent"": """", ""definition"": """", ""memberType"": ""Mob""}",无,fengli,52,cluhz95c5000078elg5r46i83,cluhz95c5000078elg5r46i83,dd6deaa9-5317-4ce3-ae12-be8c3dd804ff
cluvhbmid0011u048wsgycyt1,重装魔偶·黄,Boss,f,133,6200,0,Wind,1,0,399,55,0,55,0,299,0,0,0,5,5,"{""name"": ""缺省值"", ""agent"": """", ""definition"": """", ""memberType"": ""Mob""}",无,fengli,51,cluhz95c5000078elg5r46i83,cluhz95c5000078elg5r46i83,1ad76aeb-f348-4601-9fbf-be39162e5d52
cluvhcvnx0013u048kumee5cx,重装魔偶·红,Boss,f,133,6200,0,Normal,1,0,399,30,0,30,0,299,0,0,0,5,5,"{""name"": ""缺省值"", ""agent"": """", ""definition"": """", ""memberType"": ""Mob""}",无,fengli,50,cluhz95c5000078elg5r46i83,cluhz95c5000078elg5r46i83,7b5d8e14-0a5d-4af0-8880-a6453729ba15
cluv98k6v000ju048zq3nfgym,合成魔兽,Boss,f,112,6000,0,Fire,1,0,179,4,158,4,0,185,5,5,0,30,15,"{""name"": ""缺省值"", ""agent"": """", ""definition"": """", ""memberType"": ""Mob""}",无,fengli,58,cluhz95c5000078elg5r46i83,cluhz95c5000078elg5r46i83,e89e4677-f120-4a10-9e2a-ec3a0c22b781
cluvh7gh1000xu0487ukrqnob,扎哈克半魔像,Boss,f,130,6000,0,Light,1,0,1000,5,1000,5,0,0,5,10,0,2,1,"{""name"": ""缺省值"", ""agent"": """", ""definition"": """", ""memberType"": ""Mob""}",无,fengli,54,cluhz95c5000078elg5r46i83,cluhz95c5000078elg5r46i83,88fc4fbb-c829-471b-9699-3a9a03603bd5
cluvh4hnn000vu048647dpkg4,妖精兽拉瓦达,Boss,f,127,6000,0,Light,1,0,381,15,445,15,0,228,2,7,0,30,40,"{""name"": ""缺省值"", ""agent"": """", ""definition"": """", ""memberType"": ""Mob""}",无,fengli,53,cluhz95c5000078elg5r46i83,cluhz95c5000078elg5r46i83,b2180ef9-6c6f-43b3-adeb-c34e62913c2a
cluse9wij000a11x4unrim046,黑暗骑士因扎尼奥,Boss,f,94,5500,0,Water,1,4890000,212,3,188,3,0,176,3,10,0,35,15,"{""name"": ""缺省值"", ""agent"": """", ""definition"": """", ""memberType"": ""Mob""}",无,fengli,71,cluhz95c5000078elg5r46i83,cluhz95c5000078elg5r46i83,258dda9e-8eac-47b4-a2f5-17e4e5984c3f
clusdj1sy000311x4kncp7jb3,奴雷德斯,Boss,f,76,5360,0,Dark,1,0,152,23,152,23,0,57,0,13,0,2,3,"{""name"": ""缺省值"", ""agent"": """", ""definition"": """", ""memberType"": ""Mob""}",无,fengli,77,cluhz95c5000078elg5r46i83,cluhz95c5000078elg5r46i83,e565fc94-777b-42aa-8548-a7653817ce56
clusdg36i000211x4tyfrqovq,草龙耶弗,Boss,f,74,5040,0,Earth,1,0,146,2,219,2,0,87,0,30,0,100,100,"{""name"": ""缺省值"", ""agent"": """", ""definition"": """", ""memberType"": ""Mob""}",受到的单次伤害过高时会提高自身抗性，可以对其施加麻痹等异常接触,fengli,78,cluhz95c5000078elg5r46i83,cluhz95c5000078elg5r46i83,add17757-3863-4350-a9c5-340a0120a9d5
clusdojrh000511x43obnruzj,葛瓦,Boss,f,82,5000,0,Normal,1,0,41,3,41,3,0,246,5,5,0,10,10,"{""name"": ""缺省值"", ""agent"": """", ""definition"": """", ""memberType"": ""Mob""}",无,fengli,75,cluhz95c5000078elg5r46i83,cluhz95c5000078elg5r46i83,db4b87c2-b948-4c6a-a742-5e6d603b693d
cluv8pnax0007u048t9c16ckd,红晶魔蛛,Boss,f,100,4400,0,Earth,1,0,140,4,110,4,0,300,5,10,0,20,15,"{""name"": ""缺省值"", ""agent"": """", ""definition"": """", ""memberType"": ""Mob""}",无,fengli,67,cluhz95c5000078elg5r46i83,cluhz95c5000078elg5r46i83,a5530f8e-15f7-4b18-bd00-5f01607135d5
cluqevnyg0009pzxgc2vnj27i,蒙面战士,Boss,f,67,4300,0,Fire,1,0,134,2,134,2,0,200,4,4,0,25,25,"{""name"": ""缺省值"", ""agent"": """", ""definition"": """", ""memberType"": ""Mob""}",无,fengli,66,cluhz95c5000078elg5r46i83,cluhz95c5000078elg5r46i83,e988d680-88ff-484e-8b59-8b34fadec961
cluv93ha6000fu048qq11zx9y,伊科诺斯,Boss,f,108,4200,0,Earth,1,0,162,10,140,10,0,162,0,10,0,0,0,"{""name"": ""缺省值"", ""agent"": """", ""definition"": """", ""memberType"": ""Mob""}",血量每下降33%，防御能力会发生变化,fengli,63,cluhz95c5000078elg5r46i83,cluhz95c5000078elg5r46i83,facd3612-6e61-4424-8696-2b76d6c58562
cluv8eh550003u048e76ibdxs,佐尔班,Boss,f,95,3900,0,Wind,1,2440000,196,3,392,3,0,588,6,0,0,1,1,"{""name"": ""缺省值"", ""agent"": """", ""definition"": """", ""memberType"": ""Mob""}",无,fengli,69,cluhz95c5000078elg5r46i83,cluhz95c5000078elg5r46i83,2e47e1f5-7267-44dd-8510-e85e4163cd11
clusdaqt3000111x4pvyfke02,石柱魔像,Boss,f,70,3600,0,Earth,1,0,140,2,140,2,0,11,0,30,0,25,25,"{""name"": ""缺省值"", ""agent"": """", ""definition"": """", ""memberType"": ""Mob""}",掉落的盾牌挺好看的,fengli,79,cluhz95c5000078elg5r46i83,cluhz95c5000078elg5r46i83,7c4b35e4-3def-4172-8f97-e88321fa8fa4
cluozah5r0000ijciwqr8rbg2,上古女帝,Boss,f,64,3120,0,Light,1,0,32,52,32,52,0,48,1,8,0,10,10,"{""name"": ""缺省值"", ""agent"": """", ""definition"": """", ""memberType"": ""Mob""}",无,fengli,86,cluhz95c5000078elg5r46i83,cluhz95c5000078elg5r46i83,bd221e7b-f239-4c34-8c8a-31f3103dadf9
clui7cvao001111myok0n3ps3,獠牙王,Boss,f,62,3000,0,Normal,1,0,62,2,62,2,0,279,4,8,0,10,10,"{""name"": ""缺省值"", ""agent"": """", ""definition"": """", ""memberType"": ""Mob""}",无,fengli,92,cluhz95c5000078elg5r46i83,cluhz95c5000078elg5r46i83,085516b6-15e2-4bae-bf3a-e8ae2669fd67
clusd5unt000011x4y11ayyhe,哥布林大哥,Boss,f,70,2400,0,Fire,1,0,140,1,210,1,0,157,4,0,0,10,20,"{""name"": ""缺省值"", ""agent"": """", ""definition"": """", ""memberType"": ""Mob""}",无,fengli,80,cluhz95c5000078elg5r46i83,cluhz95c5000078elg5r46i83,e24cad84-c8e8-415d-aab0-30dadf87df61
clui6d9hj000n11mydvgshlcp,焰狼沃格,Boss,f,50,1500,0,Fire,1,0,100,2,100,2,0,56,30,0,0,25,50,"{""name"": ""缺省值"", ""agent"": """", ""definition"": """", ""memberType"": ""Mob""}",无,fengli,96,cluhz95c5000078elg5r46i83,cluhz95c5000078elg5r46i83,c5c56b6e-ff64-4a45-a0da-d2041e86a24e
clui69tqk000l11mygtkum8iv,弗雷帝亚,Boss,f,49,1480,0,Wind,1,0,24,1,24,1,0,292,10,0,0,10,5,"{""name"": ""缺省值"", ""agent"": """", ""definition"": """", ""memberType"": ""Mob""}",无,fengli,97,cluhz95c5000078elg5r46i83,cluhz95c5000078elg5r46i83,f71de938-06da-4884-b0f2-c59543253152
clui7ar0n000z11my9mm10x0r,恶魔之门,Boss,f,60,1440,0,Dark,1,0,180,2,180,2,0,0,0,0,0,1,1,"{""name"": ""缺省值"", ""agent"": """", ""definition"": """", ""memberType"": ""Mob""}",不会动,fengli,89,cluhz95c5000078elg5r46i83,cluhz95c5000078elg5r46i83,854fb55c-deaf-43cd-9b04-47dc3c0fbce8
clui6r7n8000r11myjtveczlw,黏液怪,Boss,f,52,1400,0,Water,1,0,78,12,78,12,0,0,0,50,0,5,5,"{""name"": ""缺省值"", ""agent"": """", ""definition"": """", ""memberType"": ""Mob""}",无,fengli,94,cluhz95c5000078elg5r46i83,cluhz95c5000078elg5r46i83,6452603e-4375-4e36-a048-f39244bebb8c
clui74bi7000t11my1qhbbgjc,马维兹,Boss,f,55,1290,0,Water,1,0,165,7,165,7,0,41,3,30,0,10,5,"{""name"": ""缺省值"", ""agent"": """", ""definition"": """", ""memberType"": ""Mob""}",无,fengli,91,cluhz95c5000078elg5r46i83,cluhz95c5000078elg5r46i83,a3360ca5-984d-4305-bad4-a0d348278571
clui765bp000v11myatj0el9t,甘瑞夫,Boss,f,58,1150,0,Earth,1,0,232,1,58,1,0,43,0,23,0,25,1,"{""name"": ""缺省值"", ""agent"": """", ""definition"": """", ""memberType"": ""Mob""}",无,fengli,81,cluhz95c5000078elg5r46i83,cluhz95c5000078elg5r46i83,27eebf0b-e409-43e5-8830-298f47094982
clui7972v000x11mygbn4skgm,狂暴龙,Boss,f,60,960,0,Earth,1,0,60,2,60,2,0,45,0,0,0,1,1,"{""name"": ""缺省值"", ""agent"": """", ""definition"": """", ""memberType"": ""Mob""}",无,fengli,82,cluhz95c5000078elg5r46i83,cluhz95c5000078elg5r46i83,94d2b407-16d5-412c-a4e9-c52597583e35
clui6iio3000p11my11qq7s9z,亚思托,Boss,f,50,760,0,Water,1,0,50,1,150,1,0,112,15,0,0,25,1,"{""name"": ""缺省值"", ""agent"": """", ""definition"": """", ""memberType"": ""Mob""}",无,fengli,95,cluhz95c5000078elg5r46i83,cluhz95c5000078elg5r46i83,5642f35f-929c-4423-a67a-b07b3c1cfec7
clui66v15000j11myurfawvy9,遗迹魔像,Boss,f,45,660,0,Earth,1,0,106,1,106,1,0,14,0,50,0,15,15,"{""name"": ""缺省值"", ""agent"": """", ""definition"": """", ""memberType"": ""Mob""}",无,fengli,98,cluhz95c5000078elg5r46i83,cluhz95c5000078elg5r46i83,f665fd10-30a3-4360-b3f4-e1cb13c33164
clui643uc000h11mywjwinn7i,毛咕噜,Boss,f,43,620,0,Wind,1,0,0,1,0,1,0,64,12,0,0,100,5,"{""name"": ""缺省值"", ""agent"": """", ""definition"": """", ""memberType"": ""Mob""}",掉的帽子挺好看的,fengli,88,cluhz95c5000078elg5r46i83,cluhz95c5000078elg5r46i83,7bdbba53-17f5-47b3-ac7e-31768de19ce0
clui5v02h000f11myc5ylpafa,迪赛尔蛮龙,Boss,f,40,560,0,Earth,1,0,20,1,20,1,0,75,0,9,0,15,15,"{""name"": ""缺省值"", ""agent"": """", ""definition"": """", ""memberType"": ""Mob""}",无,fengli,99,cluhz95c5000078elg5r46i83,cluhz95c5000078elg5r46i83,079f0cd8-a08d-4922-8277-4115b08f2eb2
clui5oygi000d11mympx04zbv,哥布林老大,Boss,f,40,560,0,Fire,1,0,40,0,40,0,0,75,0,9,0,10,5,"{""name"": ""缺省值"", ""agent"": """", ""definition"": """", ""memberType"": ""Mob""}",无,fengli,84,cluhz95c5000078elg5r46i83,cluhz95c5000078elg5r46i83,436792bd-9def-4aff-b3ba-82e17c1fcbcf
clui5luln000b11my87rwbzsk,米诺陶诺斯,Boss,f,32,420,0,Wind,1,0,48,1,48,1,0,48,4,0,0,5,5,"{""name"": ""缺省值"", ""agent"": """", ""definition"": """", ""memberType"": ""Mob""}",无,fengli,100,cluhz95c5000078elg5r46i83,cluhz95c5000078elg5r46i83,0d853c87-66f1-4c3a-b537-83719be60986
clui5gbc3000911my2wys3fo7,森林巨狼,Boss,f,30,300,0,Wind,1,0,30,0,30,0,0,45,0,6,0,20,10,"{""name"": ""缺省值"", ""agent"": """", ""definition"": """", ""memberType"": ""Mob""}",巨大的狼,fengli,90,cluhz95c5000078elg5r46i83,cluhz95c5000078elg5r46i83,0d7bbbf2-54b1-47f4-95f8-0fa4cc36c9cf
clui5ckiy000711my8nvvvsoc,诡谲的结晶,Boss,f,24,255,0,Dark,1,0,0,0,0,0,0,0,0,4,0,5,15,"{""name"": ""缺省值"", ""agent"": """", ""definition"": """", ""memberType"": ""Mob""}",无,fengli,83,cluhz95c5000078elg5r46i83,cluhz95c5000078elg5r46i83,ae977848-ee20-4d6d-9e1b-3751b01c93b7
clui5a9ql000511my8n0qi7kh,幽灵兵甲,Boss,f,20,240,0,Dark,1,8544,26,0,50,0,0,30,0,0,0,30,10,"{""name"": ""缺省值"", ""agent"": """", ""definition"": """", ""memberType"": ""Mob""}",无,fengli,85,cluhz95c5000078elg5r46i83,cluhz95c5000078elg5r46i83,e4cdd8ce-d119-4996-a6ee-5aaf37a0b327
clui589ck000311my0p5bgm0o,出土魔像,Boss,f,16,90,0,Normal,1,3150,12,0,12,0,0,12,0,10,0,15,15,"{""name"": ""缺省值"", ""agent"": """", ""definition"": """", ""memberType"": ""Mob""}",无,fengli,93,cluhz95c5000078elg5r46i83,cluhz95c5000078elg5r46i83,9f8eaaef-ddda-4e5e-98a5-877512e72f00
clui55nha000111myotjx9ia0,科隆老大,Boss,f,10,30,0,Earth,1,1000,7,0,7,0,0,11,0,0,0,10,10,"{""name"": ""缺省值"", ""agent"": """", ""definition"": """", ""memberType"": ""Mob""}",劳大,fengli,87,cluhz95c5000078elg5r46i83,cluhz95c5000078elg5r46i83,891ed814-58d9-4913-af36-ec99e7d56f7f
clv6v144a000zwv1frhv71fxi,王座柯尔连生体,Boss,f,190,0,0,Normal,1,0,665,7,475,7,25,285,0,6,10,5,10,"{""name"": ""缺省值"", ""agent"": """", ""definition"": """", ""memberType"": ""Mob""}",无,fengli & 混子鱼,26,cluhz95c5000078elg5r46i83,cluhz95c5000078elg5r46i83,a832eeb9-b1e6-4676-90ba-b024e2d9e43c
defaultMobId,defaultMob,Mob,f,0,0,0,Normal,0,0,0,0,0,0,0,0,0,0,0,0,0,"{""name"": ""缺省值"", ""agent"": """", ""definition"": """", ""memberType"": ""Mob""}",测试数据,system,defaultMobStatisticId,cluhz95c5000078elg5r46i83,cluhz95c5000078elg5r46i83,ab3829bc-6e84-42eb-aaa6-866aa86ce4ce
atfvqeomivdsv6hhkiv47798,卡波·普罗芬多,MiniBoss,f,287,60500,0,Water,0,0,1435,11,1435,11,20,516,1,10,10,20,20,"{""name"": ""缺省值"", ""agent"": """", ""definition"": """", ""memberType"": ""Mob""}",无,fengli,hxw1rwyww2egat1k64amw7aj,cluhz95c5000078elg5r46i83,cluhz95c5000078elg5r46i83,0df0abe1-b66c-4655-bf9d-5473e01ae5bd
iereb2agesqlwwnoresd3p89,梵缇卡,MiniBoss,f,284,55150,0,Water,0,0,852,11,1136,11,20,511,2,10,10,10,20,"{""name"": ""缺省值"", ""agent"": """", ""definition"": """", ""memberType"": ""Mob""}",无,fengli,qv9ex7c7oieqplin7jmqu2hf,cluhz95c5000078elg5r46i83,cluhz95c5000078elg5r46i83,ed699682-9618-47d5-aa72-890152a44e6a
cwnnm6ttqv4ynb4f5wm5suia,沃达蕾螈,MiniBoss,f,281,67680,0,Water,0,0,1405,11,1124,11,30,505,0,5,10,5,10,"{""name"": ""缺省值"", ""agent"": """", ""definition"": """", ""memberType"": ""Mob""}",无,fengli,bcsbx4sl5or2vt89doq69dd3,cluhz95c5000078elg5r46i83,cluhz95c5000078elg5r46i83,c97e92a1-969b-4e15-9230-147b18e1956e
i0aor5tsjc2x6dp1462w6kr9,百合冠,MiniBoss,f,278,57750,0,Dark,0,0,1251,11,1251,11,20,500,2,10,5,5,5,"{""name"": ""缺省值"", ""agent"": """", ""definition"": """", ""memberType"": ""Mob""}",无,fengli,aqt8dcu5lv0qk6pe8d1ktty5,cluhz95c5000078elg5r46i83,cluhz95c5000078elg5r46i83,dba34d0a-af14-4e60-b42a-5f9b4c1225f9
eq3eycofsgwmvkp5y1n54dlf,大克奥尔龙,MiniBoss,f,275,76600,0,Fire,0,0,1100,10,1375,12,30,577,0,10,999,5,5,"{""name"": ""缺省值"", ""agent"": """", ""definition"": """", ""memberType"": ""Mob""}",无,fengli,b2chwopbefbchahj0i4xzcda,cluhz95c5000078elg5r46i83,cluhz95c5000078elg5r46i83,938444b3-2c1b-40eb-802c-25783db8d2c2
cezes9advnbdavtoxveawp8i,矿角龙,MiniBoss,f,272,51200,0,Earth,0,0,1088,10,816,10,20,490,1,10,10,20,20,"{""name"": ""缺省值"", ""agent"": """", ""definition"": """", ""memberType"": ""Mob""}",无,fengli,asb15wdeotjf230b9ezeqc4a,cluhz95c5000078elg5r46i83,cluhz95c5000078elg5r46i83,c7aaed44-3e81-4249-8b7a-829f29e5ecc6
j3cnw5xltssryo6pq88z33s7,图雷兹,MiniBoss,f,269,98000,0,Fire,0,0,942,10,807,10,20,484,5,5,5,5,10,"{""name"": ""缺省值"", ""agent"": """", ""definition"": """", ""memberType"": ""Mob""}",无,fengli,tlovnpfeu04rwx532koixr8x,cluhz95c5000078elg5r46i83,cluhz95c5000078elg5r46i83,23e4d265-299d-49b0-beb6-55865de81fc2
a9ksmlrn2nkxgjhcp646exvc,高贵梁龙,MiniBoss,f,266,49280,0,Dark,0,0,798,10,532,10,20,200,1,10,5,10,15,"{""name"": ""缺省值"", ""agent"": """", ""definition"": """", ""memberType"": ""Mob""}",无,fengli,robz24x8jqk48kh1f2qhraj3,cluhz95c5000078elg5r46i83,cluhz95c5000078elg5r46i83,6c66a090-9ec1-4c8c-8825-5ffd7b54e1d6
rqvn3gyt3rfbo64g5n0zkrh5,拉加布拉索,MiniBoss,f,263,42200,0,Earth,0,0,657,16,657,16,35,492,0,5,999,5,5,"{""name"": ""缺省值"", ""agent"": """", ""definition"": """", ""memberType"": ""Mob""}",无,fengli,j6wbkdcrq4qj4uebd37vyq3v,cluhz95c5000078elg5r46i83,cluhz95c5000078elg5r46i83,91e913d3-5a83-4605-85ab-9596dc8340d0
hna8w7x5t6wmcwdhzcq5c7b0,暴风龙,MiniBoss,f,260,42200,0,Wind,0,0,650,30,780,30,20,468,5,1,30,60,30,"{""name"": ""缺省值"", ""agent"": """", ""definition"": """", ""memberType"": ""Mob""}",无,fengli,reb3enokynx0x8arvdmvn2mo,cluhz95c5000078elg5r46i83,cluhz95c5000078elg5r46i83,839397d9-fa85-4305-92cd-8fb4d8ff64ee
j10tbumvctsn5difjbqz4c4a,月霞喵,MiniBoss,f,257,40400,0,Water,0,0,771,30,771,30,20,770,15,0,40,40,40,"{""name"": ""缺省值"", ""agent"": """", ""definition"": """", ""memberType"": ""Mob""}",无,fengli,f02a66d7i2ksi1admj5rg5bv,cluhz95c5000078elg5r46i83,cluhz95c5000078elg5r46i83,3b30e10e-ed2f-446e-94c4-831fc040c6af
xjggbygzvhl4x3pzbrd2gqhy,盖蜥蜴,MiniBoss,f,254,45540,0,Dark,0,0,406,80,406,80,20,381,2,7,10,40,40,"{""name"": ""缺省值"", ""agent"": """", ""definition"": """", ""memberType"": ""Mob""}",无,fengli,zcuv6itx97bfkg4231snowdu,cluhz95c5000078elg5r46i83,cluhz95c5000078elg5r46i83,f7ee857b-9f33-40f7-84e6-f84bcdff38ea
uqrpjx6jtnoobiqm6p0doyfb,喷出岩,MiniBoss,f,251,46570,0,Fire,0,0,251,40,502,16,20,451,3,8,5,30,30,"{""name"": ""缺省值"", ""agent"": """", ""definition"": """", ""memberType"": ""Mob""}",无,fengli,iwlz43e1ekvtyjf7m1xgx67f,cluhz95c5000078elg5r46i83,cluhz95c5000078elg5r46i83,e77664b1-a2ff-4725-8ef9-f9c0e80cdad7
b7opff0cvlo7aejqsss8o7xb,格劳斯,MiniBoss,f,248,44670,0,Dark,0,0,496,16,496,8,20,446,3,8,10,20,40,"{""name"": ""缺省值"", ""agent"": """", ""definition"": """", ""memberType"": ""Mob""}",无,fengli,fyp0s426udwn9yknz5ziosdi,cluhz95c5000078elg5r46i83,cluhz95c5000078elg5r46i83,3f1b58e2-ccb6-4d59-a549-4b209f97d354
g0ffkyrzt8u5xrno8nle8zi4,炎咕噜,MiniBoss,f,245,43740,0,Fire,0,0,490,16,490,9,20,514,5,5,20,10,50,"{""name"": ""缺省值"", ""agent"": """", ""definition"": """", ""memberType"": ""Mob""}",无,fengli,a3v8e9i3sao8vi0u8o5eorv5,cluhz95c5000078elg5r46i83,cluhz95c5000078elg5r46i83,d1c7f153-10a7-4680-b8b4-46462c72e6ef
vzn6znr3ljdemr8t2gk6ldva,戈尔多,MiniBoss,f,242,43700,0,Light,0,0,242,40,774,9,20,726,5,1,5,20,80,"{""name"": ""缺省值"", ""agent"": """", ""definition"": """", ""memberType"": ""Mob""}",无,fengli,gzuvi07y0bgg5vqm1jaf41hl,cluhz95c5000078elg5r46i83,cluhz95c5000078elg5r46i83,fd8620ff-0e0d-4b94-94af-b3cb1c684cb1
dk0oomoq1jamk50kz11etk4g,布拉米斯,MiniBoss,f,239,42800,0,Earth,0,0,1195,9,526,9,20,358,3,10,5,20,80,"{""name"": ""缺省值"", ""agent"": """", ""definition"": """", ""memberType"": ""Mob""}",无,fengli,ujkvka1ph98gi8cqm2vnk8if,cluhz95c5000078elg5r46i83,cluhz95c5000078elg5r46i83,b043e3fa-0b7a-4f34-91d2-62efd45b914d
gk2gpzuktl05pir459pb92y4,树毒羚,MiniBoss,f,236,41820,0,Wind,0,0,897,9,519,9,20,496,3,10,999,20,80,"{""name"": ""缺省值"", ""agent"": """", ""definition"": """", ""memberType"": ""Mob""}",无,fengli,qjmhwil76fu8jjmjs8hw2zua,cluhz95c5000078elg5r46i83,cluhz95c5000078elg5r46i83,03f0ba52-3ca5-4b63-b920-e003edad0d76
lbjftxouq9ym1k3wqqbojkrz,雷诺莱犀,MiniBoss,f,233,41000,0,Earth,0,0,2330,30,2330,8,20,523,0,0,999,100,100,"{""name"": ""缺省值"", ""agent"": """", ""definition"": """", ""memberType"": ""Mob""}",无,fengli,vg5s516elgwpcyfffqq1dekr,cluhz95c5000078elg5r46i83,cluhz95c5000078elg5r46i83,5d71109e-6057-49d8-8454-a426d9186d31
j22or0kfjov5tn2hr5nk1y74,担轮原生质体,MiniBoss,f,230,40000,0,Dark,0,0,1380,9,460,9,5,138,0,16,999,5,40,"{""name"": ""缺省值"", ""agent"": """", ""definition"": """", ""memberType"": ""Mob""}",无,fengli,c5jvh29vbc5ygk8r8plq8a9n,cluhz95c5000078elg5r46i83,cluhz95c5000078elg5r46i83,8d0277c1-5e4e-4d98-a0ab-4f452adeeeeb
dfj5j22plncmk2z7xsw57yju,内吉木之主,MiniBoss,f,227,39200,0,Water,0,0,795,45,681,6,5,204,0,20,999,5,50,"{""name"": ""缺省值"", ""agent"": """", ""definition"": """", ""memberType"": ""Mob""}",无,fengli,rz4bzwm3129bptyovd80epqv,cluhz95c5000078elg5r46i83,cluhz95c5000078elg5r46i83,623b02d9-751e-4d17-bfe1-112a167f43bf
bmiwckyjmjy5dyda4lkg6tjk,死神稻草人,MiniBoss,f,224,35140,0,Wind,0,0,672,8,582,8,5,269,4,2,999,20,30,"{""name"": ""缺省值"", ""agent"": """", ""definition"": """", ""memberType"": ""Mob""}",无,fengli,n7d17yln5ndqc8cibaxze91f,cluhz95c5000078elg5r46i83,cluhz95c5000078elg5r46i83,be804387-a37d-47f0-b33a-de774282f840
qkn5lqp1m7pplloffgr7jyoa,死灵,MiniBoss,f,221,33600,0,Dark,0,0,619,8,420,8,5,397,5,3,999,30,25,"{""name"": ""缺省值"", ""agent"": """", ""definition"": """", ""memberType"": ""Mob""}",无,fengli,dv5gm44u4usf5ziyldxtog3t,cluhz95c5000078elg5r46i83,cluhz95c5000078elg5r46i83,5fba1682-d4ec-48cd-9919-dc836c4489d0
oogbwv30iccphoxd0re2m7p1,压钉机,MiniBoss,f,218,37400,0,Dark,0,0,436,8,349,8,10,392,5,5,999,50,50,"{""name"": ""缺省值"", ""agent"": """", ""definition"": """", ""memberType"": ""Mob""}",无,fengli,y9tcnyco8yqux9u9kzfk26rk,cluhz95c5000078elg5r46i83,cluhz95c5000078elg5r46i83,16be6d6a-05e6-4f41-ab42-5bce39e3b490
cx5palmxliz7xlhmn6qbgxon,幽灵牛,MiniBoss,f,218,34350,0,Fire,0,0,196,8,1090,8,0,294,1,1,999,20,10,"{""name"": ""缺省值"", ""agent"": """", ""definition"": """", ""memberType"": ""Mob""}",无,fengli,qwfzsomb9w3o3yszecv6zmpx,cluhz95c5000078elg5r46i83,cluhz95c5000078elg5r46i83,1f4dfca1-a0ad-4314-b042-3138b1358a88
j3zo0slpe5z07juwlye21ty2,沙盗团首领,MiniBoss,f,215,48500,0,Earth,0,0,645,8,645,8,0,322,0,5,50,10,10,"{""name"": ""缺省值"", ""agent"": """", ""definition"": """", ""memberType"": ""Mob""}",无,fengli,dqa4zyciesf8s7ziuhmzucpk,cluhz95c5000078elg5r46i83,cluhz95c5000078elg5r46i83,3648a6ad-4553-4ac2-9bf5-6e067193b38c
mib803va49arpk86x6zn6cib,鬼熊虫,MiniBoss,f,213,36630,0,Fire,0,0,554,8,689,8,30,255,1,5,999,20,20,"{""name"": ""缺省值"", ""agent"": """", ""definition"": """", ""memberType"": ""Mob""}",无,fengli,s5w68wqtrl76vemjj9cwz95t,cluhz95c5000078elg5r46i83,cluhz95c5000078elg5r46i83,f1d4330f-dfc8-4b52-b455-7310f4aa53d1
vnshsz9lvf0sat2yfvggtf54,魔人之眼,MiniBoss,f,212,72800,0,Wind,0,0,318,16,212,16,0,954,5,25,5,5,15,"{""name"": ""缺省值"", ""agent"": """", ""definition"": """", ""memberType"": ""Mob""}",无,fengli,xs21dar953j8ee3dcruewh4e,cluhz95c5000078elg5r46i83,cluhz95c5000078elg5r46i83,00a61674-4042-4f84-a201-b08944cb76f9
mn2i09xjkln0vfaqvxfrzmv3,小丑牙鱼,MiniBoss,f,210,39440,0,Light,0,0,525,8,525,8,25,315,5,0,999,50,50,"{""name"": ""缺省值"", ""agent"": """", ""definition"": """", ""memberType"": ""Mob""}",无,fengli,xyy0t9570ntgvy8vhlnkxsu8,cluhz95c5000078elg5r46i83,cluhz95c5000078elg5r46i83,c2bb024e-7967-4534-b5de-229b1d8f6490
brcz2pf6rug05h0cklqviw7v,血染结晶,MiniBoss,f,207,34280,0,Dark,0,0,518,8,414,8,20,372,2,5,999,20,20,"{""name"": ""缺省值"", ""agent"": """", ""definition"": """", ""memberType"": ""Mob""}",无,fengli,dd1zka3lssairv3z9nzzeyg3,cluhz95c5000078elg5r46i83,cluhz95c5000078elg5r46i83,93eaaf3e-30b8-403e-a778-8c6727c42137
rybp9fbm6zlhhkntxaac7qma,大绵羊驼,MiniBoss,f,204,34100,0,Normal,0,0,612,16,204,8,25,153,0,20,999,33,3,"{""name"": ""缺省值"", ""agent"": """", ""definition"": """", ""memberType"": ""Mob""}",无,fengli,ye1icgufz6qixrndw70hqan9,cluhz95c5000078elg5r46i83,cluhz95c5000078elg5r46i83,6c67ba88-9b42-44b9-a0c0-9202321af69b
nqjzo50wcc2j42kxcyhb42pd,寄生甲兽,MiniBoss,f,201,33330,0,Fire,0,0,442,8,402,8,5,361,4,4,999,10,10,"{""name"": ""缺省值"", ""agent"": """", ""definition"": """", ""memberType"": ""Mob""}",无,fengli,hxo8py9z9pznjc6e72kcqgmj,cluhz95c5000078elg5r46i83,cluhz95c5000078elg5r46i83,f07293bd-362f-481c-a5ce-aa04cc571086
yzw7aaqtxbwhey0lrtt7ef59,凶暴花魔,MiniBoss,f,198,42120,0,Earth,0,0,868,7,396,7,0,445,0,0,999,5,0,"{""name"": ""缺省值"", ""agent"": """", ""definition"": """", ""memberType"": ""Mob""}",无,fengli,ig6elirpfvwlpx8w5mb2mvom,cluhz95c5000078elg5r46i83,cluhz95c5000078elg5r46i83,501a9075-26bb-4205-b2b4-46549a544e18
z9jhzs249w4o0bxaw995cd3l,淤泥怪,MiniBoss,f,195,30240,0,Water,0,0,429,7,390,7,0,584,2,7,999,30,30,"{""name"": ""缺省值"", ""agent"": """", ""definition"": """", ""memberType"": ""Mob""}",无,fengli,h8mr8lf4bs5b8mteccepgaal,cluhz95c5000078elg5r46i83,cluhz95c5000078elg5r46i83,8ace5535-caec-4f84-aa23-e4013601aede
syvejjfxxcxddbqe0u51wzf6,邦卫魔像,MiniBoss,f,191,29190,0,Water,0,0,382,14,306,14,0,286,1,8,999,20,20,"{""name"": ""缺省值"", ""agent"": """", ""definition"": """", ""memberType"": ""Mob""}",无,fengli,fuhu2k1kzatdlc61ub438tz1,cluhz95c5000078elg5r46i83,cluhz95c5000078elg5r46i83,668c26e8-4444-4a5f-98a2-696758daa3ed
zmmx3zq7iuoo5879jzt5ydy4,金拳角兽,MiniBoss,f,187,27930,0,Wind,0,0,1116,7,93,7,0,837,10,20,999,50,50,"{""name"": ""缺省值"", ""agent"": """", ""definition"": """", ""memberType"": ""Mob""}",无,fengli,pmnbg0vq8eqao8jcgl5m0nhz,cluhz95c5000078elg5r46i83,cluhz95c5000078elg5r46i83,69bdd5fd-7551-47dd-9d53-8a3bdc4f6d5b
rvqw27ejmnk5ws3ao9v4chq9,宝石兽,MiniBoss,f,183,27200,0,Fire,0,0,366,7,366,7,0,411,4,3,999,30,40,"{""name"": ""缺省值"", ""agent"": """", ""definition"": """", ""memberType"": ""Mob""}",无,fengli,slgggmkiuegpt6378ansp9ld,cluhz95c5000078elg5r46i83,cluhz95c5000078elg5r46i83,6063f25f-c281-4878-a935-c005c41b9918
lyeacr2ou14c7n7yk4wqxh6b,堕天泡泡,MiniBoss,f,177,26750,0,Fire,0,0,354,7,708,7,0,530,8,0,999,10,10,"{""name"": ""缺省值"", ""agent"": """", ""definition"": """", ""memberType"": ""Mob""}",无,fengli,riczfc9i4pbnbt92gr7vci3v,cluhz95c5000078elg5r46i83,cluhz95c5000078elg5r46i83,ea2ff8d2-41c2-4b6a-8f24-083665142c84
yxeuw0c9mbo4cl24t1cx1taw,米斯鲁那大山猫,MiniBoss,f,177,25720,0,Light,0,0,354,7,354,7,0,398,6,3,999,25,25,"{""name"": ""缺省值"", ""agent"": """", ""definition"": """", ""memberType"": ""Mob""}",无,fengli,gcyx71o7ujcw8qep6cjcp0y5,cluhz95c5000078elg5r46i83,cluhz95c5000078elg5r46i83,387bad08-9aa7-41fe-8611-d7f2b328088d
oslnqydeutmexhvx3iq1r0dr,低音牦牛,MiniBoss,f,174,27500,0,Normal,0,0,174,6,174,6,0,130,0,0,999,20,30,"{""name"": ""缺省值"", ""agent"": """", ""definition"": """", ""memberType"": ""Mob""}",无,fengli,ovkufl35bjjt5i0q68qc5y7x,cluhz95c5000078elg5r46i83,cluhz95c5000078elg5r46i83,b08022c7-3fbc-498c-ad17-7c6d914d42bf
vdwgugf4k6ofnx5ropr1wiyx,怪蜥狂信者,MiniBoss,f,171,24360,0,Normal,0,0,342,6,342,6,0,384,0,0,999,25,50,"{""name"": ""缺省值"", ""agent"": """", ""definition"": """", ""memberType"": ""Mob""}",无,fengli,k7h4v3p69bv4um9wzrhngstm,cluhz95c5000078elg5r46i83,cluhz95c5000078elg5r46i83,e0de6055-40fb-4eec-9200-c41796e39709
rpkudz3mes3j3zv1run9ez9r,兹露咪,MiniBoss,f,169,23830,0,Dark,0,0,338,6,338,9,0,506,6,0,999,20,20,"{""name"": ""缺省值"", ""agent"": """", ""definition"": """", ""memberType"": ""Mob""}",无,fengli,ut2ftiua11jh1ekqnc0uuhjw,cluhz95c5000078elg5r46i83,cluhz95c5000078elg5r46i83,13e65e47-f8ea-432a-949f-0cd1d7388351
l4xe7zbgb5pjz5zuz6py7ccc,炽天马其纳,MiniBoss,f,167,21070,0,Light,0,0,501,33,167,9,0,250,0,0,999,5,50,"{""name"": ""缺省值"", ""agent"": """", ""definition"": """", ""memberType"": ""Mob""}",无,fengli,qczmqfby22711xss21xi6edn,cluhz95c5000078elg5r46i83,cluhz95c5000078elg5r46i83,b577d832-54e5-48ad-8d46-6e63956d796a
oergc1dccia59r9ttatjq2t8,放浪魔输,MiniBoss,f,163,20220,0,Wind,0,0,896,6,815,6,0,366,0,0,999,30,30,"{""name"": ""缺省值"", ""agent"": """", ""definition"": """", ""memberType"": ""Mob""}",无,fengli,g4wky7x3t25m6zxukojv77r7,cluhz95c5000078elg5r46i83,cluhz95c5000078elg5r46i83,28f1e6e1-522a-4604-a082-2c84341459c0
ct8pt1i660dbccc3hmsgpyf4,无头恶魔处刑者,MiniBoss,f,160,24020,0,Dark,0,0,240,6,240,6,0,288,10,0,999,40,30,"{""name"": ""缺省值"", ""agent"": """", ""definition"": """", ""memberType"": ""Mob""}",无,fengli,glp1v03v6pmq396k8bwizwjt,cluhz95c5000078elg5r46i83,cluhz95c5000078elg5r46i83,e432e2d8-1dd7-4161-9c5d-ee98c9b672e8
u7y3qij2qj81jvofhivp77i6,阿米巴半魔像,MiniBoss,f,158,29000,0,Water,0,0,158,6,237,6,0,308,4,0,999,100,50,"{""name"": ""缺省值"", ""agent"": """", ""definition"": """", ""memberType"": ""Mob""}",无,fengli,fajacq2ojw452dznuna6q07k,cluhz95c5000078elg5r46i83,cluhz95c5000078elg5r46i83,55eaea05-06d1-4f86-8e2a-9d013c7efe37
c06okaky46nrirai98m1i9ug,激进派专业兵长,MiniBoss,f,157,19080,0,Wind,0,0,157,6,157,6,0,306,15,5,999,35,35,"{""name"": ""缺省值"", ""agent"": """", ""definition"": """", ""memberType"": ""Mob""}",无,fengli,fh5va5mo6xwf4uqx9gwt0rcu,cluhz95c5000078elg5r46i83,cluhz95c5000078elg5r46i83,cbb43104-b60e-4969-b782-343270e0aba0
k25g2utto58yo9j3asquheeu,魔像指挥官,MiniBoss,f,154,20580,0,Dark,0,0,231,6,308,6,0,231,10,0,999,35,40,"{""name"": ""缺省值"", ""agent"": """", ""definition"": """", ""memberType"": ""Mob""}",无,fengli,n9397kgst7yav66urd3rw3t2,cluhz95c5000078elg5r46i83,cluhz95c5000078elg5r46i83,b3bd7277-4615-4d28-a54a-4a46c54a3253
pmj9didtr2wlhaivscvi93fv,超级病死菇,MiniBoss,f,150,24870,0,Dark,0,0,225,4,225,4,0,225,5,5,999,35,40,"{""name"": ""缺省值"", ""agent"": """", ""definition"": """", ""memberType"": ""Mob""}",无,fengli,bgz7mdyyf2gn2tfrx1htdhl7,cluhz95c5000078elg5r46i83,cluhz95c5000078elg5r46i83,17b1e4c6-05bb-4cc6-893c-62e69df718bd
wungfwmetuxazwr9sqa93t99,奥狄隆半魔像,MiniBoss,f,146,21350,0,Light,0,0,110,5,307,5,0,548,3,13,999,1,10,"{""name"": ""缺省值"", ""agent"": """", ""definition"": """", ""memberType"": ""Mob""}",无,fengli,laxebqx6aw1og3aohr5me52e,cluhz95c5000078elg5r46i83,cluhz95c5000078elg5r46i83,a11c26ad-2f7a-446a-846c-601a3f6b09f7
smp60qf2yl38uksk5pbev4sa,巨指半魔像,MiniBoss,f,142,17330,0,Dark,0,0,426,5,426,5,0,320,4,9,999,5,5,"{""name"": ""缺省值"", ""agent"": """", ""definition"": """", ""memberType"": ""Mob""}",无,fengli,tgdtbreoalaahffbmhezvw3j,cluhz95c5000078elg5r46i83,cluhz95c5000078elg5r46i83,ea84ab9a-eb9b-4915-b9e3-c40a0b56d01a
sgfrpx6fi13ys4wjf89c0q53,魔像铸工,MiniBoss,f,138,17560,0,Normal,0,0,483,5,483,5,0,248,5,15,999,20,20,"{""name"": ""缺省值"", ""agent"": """", ""definition"": """", ""memberType"": ""Mob""}",无,fengli,robgij82f07uiw1clr969fli,cluhz95c5000078elg5r46i83,cluhz95c5000078elg5r46i83,8c97ff7f-a5dc-4f89-86f0-d1716c56c82c
m6879lkg4biks56aulmjcel1,邪恶魔剑,MiniBoss,f,134,19120,0,Dark,0,0,107,5,134,5,0,342,8,2,999,10,40,"{""name"": ""缺省值"", ""agent"": """", ""definition"": """", ""memberType"": ""Mob""}",无,fengli,mpub59a6iq37xpvrqz3hlfbf,cluhz95c5000078elg5r46i83,cluhz95c5000078elg5r46i83,24275bda-3cde-48b2-8638-d0497303da24
uptw2hbvlbqj5y04pyzbsu8m,沙罗曼达,MiniBoss,f,132,20240,0,Fire,0,0,330,5,330,5,0,396,10,10,999,50,50,"{""name"": ""缺省值"", ""agent"": """", ""definition"": """", ""memberType"": ""Mob""}",无,fengli,r0lrezad9q4nvqx7x728njpy,cluhz95c5000078elg5r46i83,cluhz95c5000078elg5r46i83,67e85e3d-43aa-4a2f-84e9-53d107803c33
mbzk9vqc57crzrckq54dfvzs,锈蚀骑士团长,MiniBoss,f,128,8730,0,Dark,0,0,567,35,693,35,0,576,3,35,999,10,10,"{""name"": ""缺省值"", ""agent"": """", ""definition"": """", ""memberType"": ""Mob""}",无,fengli,gpnze2j0tyc54ugls058i8hj,cluhz95c5000078elg5r46i83,cluhz95c5000078elg5r46i83,2b205599-4140-43da-b30a-35a12345f68c
nw3ag20k914g6ck5mb4fr827,死灵魔兔,MiniBoss,f,124,17220,0,Normal,0,0,143,4,310,25,0,372,10,0,999,5,40,"{""name"": ""缺省值"", ""agent"": """", ""definition"": """", ""memberType"": ""Mob""}",无,fengli,bka7eyuyofxeokmubr5ws2ij,cluhz95c5000078elg5r46i83,cluhz95c5000078elg5r46i83,16393636-4d69-40b4-a41e-4fb0fe65db83
t64h9kk40qp8xpvjc4g08klz,菱纹企鹅老爹,MiniBoss,f,123,8000,0,Water,0,0,515,4,62,4,0,18,2,4,999,1,10,"{""name"": ""缺省值"", ""agent"": """", ""definition"": """", ""memberType"": ""Mob""}",无,fengli,mt9zfrizpwnqopaduv0bf1v4,cluhz95c5000078elg5r46i83,cluhz95c5000078elg5r46i83,3c07d826-7168-47a5-93a0-dd36f8c1a559
ez2nwos8z0xv92icw5iwjnji,暗夜波多姆,MiniBoss,f,120,15800,0,Dark,0,0,240,54,480,54,0,360,8,30,999,50,50,"{""name"": ""缺省值"", ""agent"": """", ""definition"": """", ""memberType"": ""Mob""}",无,fengli,sv0nj41baxku5z4rc5ot4rls,cluhz95c5000078elg5r46i83,cluhz95c5000078elg5r46i83,2d86c338-79c4-4d91-bb3b-73fbf9228964
n9qayhwfvtqwpiwhr2a9lqym,严寒雪怪,MiniBoss,f,103,9480,0,Earth,0,0,206,4,124,4,0,116,0,70,999,50,25,"{""name"": ""缺省值"", ""agent"": """", ""definition"": """", ""memberType"": ""Mob""}",无,fengli,on8wojkorck4wlpth28o491v,cluhz95c5000078elg5r46i83,cluhz95c5000078elg5r46i83,5ca0f82b-e7d8-44a9-8865-e5e3b4eed648
nl6n15u008vcmfmo0p8qxx5h,自走炮,MiniBoss,f,90,1720,0,Dark,0,0,315,3,315,3,0,67,0,25,999,20,20,"{""name"": ""缺省值"", ""agent"": """", ""definition"": """", ""memberType"": ""Mob""}",无,fengli,thrbbiqjp8rk76nw6yycjzqp,cluhz95c5000078elg5r46i83,cluhz95c5000078elg5r46i83,4676ac2e-c013-4a67-a942-38ff94924901
h3zglf0ukaa91pg42xzwnmbp,老妪,MiniBoss,f,88,3810,0,Earth,0,0,154,3,194,3,0,66,3,5,999,15,20,"{""name"": ""缺省值"", ""agent"": """", ""definition"": """", ""memberType"": ""Mob""}",无,fengli,pu2wmr75rcyjv3o2j60tswaq,cluhz95c5000078elg5r46i83,cluhz95c5000078elg5r46i83,b3942ab6-56e3-4622-86be-b436fb665cb4
cjrvnx6mrfurilwivbpd5to9,死灵科隆,MiniBoss,f,84,4620,0,Dark,0,0,504,20,504,20,0,378,11,11,999,60,60,"{""name"": ""缺省值"", ""agent"": """", ""definition"": """", ""memberType"": ""Mob""}",无,fengli,jpfip2xfzs52w2xc4gx6gfpt,cluhz95c5000078elg5r46i83,cluhz95c5000078elg5r46i83,6f407309-e801-4191-a652-f065a26dff77
joblhd2k0z3zctz5jqdaeif6,金属刺蝎,MiniBoss,f,82,4050,0,Earth,0,0,164,3,123,3,0,62,0,15,999,20,10,"{""name"": ""缺省值"", ""agent"": """", ""definition"": """", ""memberType"": ""Mob""}",无,fengli,dpw311lh4q0mr0fbr7wzr6o0,cluhz95c5000078elg5r46i83,cluhz95c5000078elg5r46i83,a7705503-70c3-4c40-8050-89fe73f1cf30
jdq0exm7g0x6ne0bjupfp87l,闪灵绅士,MiniBoss,f,82,6000,0,Light,0,0,410,3,246,3,0,12,50,0,999,5,10,"{""name"": ""缺省值"", ""agent"": """", ""definition"": """", ""memberType"": ""Mob""}",无,fengli,g565m9yso6ot4qbpnxbonjnm,cluhz95c5000078elg5r46i83,cluhz95c5000078elg5r46i83,0e2e9259-51be-4967-8a5a-ad51055866ac
u42frdtoe0f61iycx3jk1vro,小浣熊,MiniBoss,f,80,5470,0,Earth,0,0,320,3,280,3,0,60,0,22,999,10,10,"{""name"": ""缺省值"", ""agent"": """", ""definition"": """", ""memberType"": ""Mob""}",无,fengli,atotkirg6coulxix107lmpbi,cluhz95c5000078elg5r46i83,cluhz95c5000078elg5r46i83,102dac19-9bba-4028-818d-c2fde98a761d
htocyp09wc8kp0y0nlzwtimu,幽灵王,MiniBoss,f,77,2720,0,Dark,0,0,154,53,154,53,0,230,8,20,999,20,10,"{""name"": ""缺省值"", ""agent"": """", ""definition"": """", ""memberType"": ""Mob""}",无,fengli,makxnggxdat0025m6ncecw7m,cluhz95c5000078elg5r46i83,cluhz95c5000078elg5r46i83,3327528c-ae66-4014-b679-20f8b4b12f02
bq0zodnbioeitrlk8onq4mbi,巨型兵,MiniBoss,f,76,2680,0,Earth,0,0,304,8,304,8,0,11,0,13,999,5,50,"{""name"": ""缺省值"", ""agent"": """", ""definition"": """", ""memberType"": ""Mob""}",无,fengli,td85elds5pghcbr6lzayyvvg,cluhz95c5000078elg5r46i83,cluhz95c5000078elg5r46i83,fb96984f-7d07-406f-a284-26c00bdd9d17
y3ke4kqzs7cniqvndqxsvsuk,月光波多姆,MiniBoss,f,72,1860,0,Dark,0,0,288,2,0,2,0,108,4,4,999,100,5,"{""name"": ""缺省值"", ""agent"": """", ""definition"": """", ""memberType"": ""Mob""}",无,fengli,q5qdfvvz7z0mp3qukwrurlny,cluhz95c5000078elg5r46i83,cluhz95c5000078elg5r46i83,651fdbb5-8734-4f00-b022-5678f5fe411f
k02zt1ucz4e7bv8wizh6k2xm,异界之斗犬,MiniBoss,f,70,4800,0,Light,0,0,210,20,175,20,0,210,8,8,999,30,30,"{""name"": ""缺省值"", ""agent"": """", ""definition"": """", ""memberType"": ""Mob""}",无,fengli,n1fzfft55qrznmv0637aqz58,cluhz95c5000078elg5r46i83,cluhz95c5000078elg5r46i83,b62e0dc1-3484-411f-a16c-7a914dec56c7
w64m442nsjrxszgmsp5wwbho,肥籽,MiniBoss,f,70,2400,0,Wind,0,0,140,2,140,2,0,26,0,5,999,50,5,"{""name"": ""缺省值"", ""agent"": """", ""definition"": """", ""memberType"": ""Mob""}",无,fengli,cdzs0wn2az7atgfiiso6kwav,cluhz95c5000078elg5r46i83,cluhz95c5000078elg5r46i83,1114de60-4249-46e2-9d38-f130499a28da
ws15c9a6ldudnzhu1mhok67b,彩云默,MiniBoss,f,70,2400,0,Normal,0,0,210,2,350,2,0,11,5,0,999,50,5,"{""name"": ""缺省值"", ""agent"": """", ""definition"": """", ""memberType"": ""Mob""}",无,fengli,kms6ay5hlywcxhn50lugoewt,cluhz95c5000078elg5r46i83,cluhz95c5000078elg5r46i83,744d7630-77c7-41eb-af1f-b6f18c4fb0ad
qgk4dkzkwxdgn17ee9fx2n6u,赛提罗,MiniBoss,f,60,1730,0,Dark,0,0,45,0,75,0,0,112,7,7,999,25,25,"{""name"": ""缺省值"", ""agent"": """", ""definition"": """", ""memberType"": ""Mob""}",无,fengli,h5214qy4zbcsovj4i01zhg05,cluhz95c5000078elg5r46i83,cluhz95c5000078elg5r46i83,85ae79a6-fa1f-4de9-a27e-fab73f965746
m780hlhbmgtxs4shv4t6p3hf,大果怪,MiniBoss,f,60,960,0,Light,0,0,60,2,60,2,0,270,0,0,999,1,1,"{""name"": ""缺省值"", ""agent"": """", ""definition"": """", ""memberType"": ""Mob""}",无,fengli,plc28vfypvf7vhj88dnp84ny,cluhz95c5000078elg5r46i83,cluhz95c5000078elg5r46i83,a1f9bc65-6e4b-4230-ba45-798a3e307163
rlw3e591q0g4c4wwjn86d8ch,石动魔兵,MiniBoss,f,60,960,0,Earth,0,0,120,2,120,2,0,0,0,50,999,50,50,"{""name"": ""缺省值"", ""agent"": """", ""definition"": """", ""memberType"": ""Mob""}",无,fengli,lt6a69u9k2qbvc6bimk6fdsy,cluhz95c5000078elg5r46i83,cluhz95c5000078elg5r46i83,53209beb-d813-4cd0-9529-e811f49fe0a2
ktm1qqv6vor334ox600iqetm,黄金骨,MiniBoss,f,54,840,0,Normal,0,0,54,2,54,2,0,324,0,1,999,0,0,"{""name"": ""缺省值"", ""agent"": """", ""definition"": """", ""memberType"": ""Mob""}",无,fengli,h6itiu1ax4exumbtn678rizi,cluhz95c5000078elg5r46i83,cluhz95c5000078elg5r46i83,10175e04-7163-449f-a456-41dfa37748a5
rldb2lb7gi2krr1mlk7nfcdv,巨型野猪,MiniBoss,f,52,800,0,Earth,0,0,156,2,156,2,0,20,0,20,999,50,50,"{""name"": ""缺省值"", ""agent"": """", ""definition"": """", ""memberType"": ""Mob""}",无,fengli,cz19yndrgprg8buo4l93d3hk,cluhz95c5000078elg5r46i83,cluhz95c5000078elg5r46i83,d877151e-4a71-4405-9bcd-062ecaa3dafc
gvkx7a06sk3sa3yd9rjh5avn,沙地鼠,MiniBoss,f,50,380,0,Earth,0,0,63,2,63,2,0,75,0,0,999,15,15,"{""name"": ""缺省值"", ""agent"": """", ""definition"": """", ""memberType"": ""Mob""}",无,fengli,cu29heh1hif6x8ryqg4h7ica,cluhz95c5000078elg5r46i83,cluhz95c5000078elg5r46i83,754ed484-223c-4de4-80fa-8f3ae3b6ed67
c5q1f4jjolyqobjkcfspsbql,波多姆大王,MiniBoss,f,50,320,0,Normal,0,0,25,2,50,2,0,111,5,0,999,25,25,"{""name"": ""缺省值"", ""agent"": """", ""definition"": """", ""memberType"": ""Mob""}",无,fengli,b4bmy82a4azinld0ecby4lzl,cluhz95c5000078elg5r46i83,cluhz95c5000078elg5r46i83,6e03e0fc-f247-4871-8319-ce93654410ef
un8u8fefkfzsgr7uc1beyr33,奇镇波多姆,MiniBoss,f,42,600,0,Light,0,0,31,1,52,1,0,94,4,0,999,25,50,"{""name"": ""缺省值"", ""agent"": """", ""definition"": """", ""memberType"": ""Mob""}",无,fengli,nde01xudb2xdz82qe7mzlsta,cluhz95c5000078elg5r46i83,cluhz95c5000078elg5r46i83,84da0dc2-6f02-4e3f-bc70-0cd90832d145
m0bmfyelol7d7bcd9h8zl06i,银色洛尔,MiniBoss,f,42,590,0,Water,0,0,0,1,126,1,0,504,0,25,999,100,100,"{""name"": ""缺省值"", ""agent"": """", ""definition"": """", ""memberType"": ""Mob""}",无,fengli,id73g5gd9b4s8w3csu5dava4,cluhz95c5000078elg5r46i83,cluhz95c5000078elg5r46i83,cc8ad781-b4b6-4970-aeac-4c5c8206f6fc
szvm7ust91x8dnyboygchp0b,巨壳龟,MiniBoss,f,40,560,0,Water,0,0,30,1,30,1,0,30,0,75,999,1,1,"{""name"": ""缺省值"", ""agent"": """", ""definition"": """", ""memberType"": ""Mob""}",无,fengli,j11j9z2mcmpg8dyydmrcvd5z,cluhz95c5000078elg5r46i83,cluhz95c5000078elg5r46i83,8260a34d-8f51-4f71-8461-1890d34476d0
wjlys6fyspu3izn744n4uavt,深红魔蛙,MiniBoss,f,37,500,0,Fire,0,0,74,1,74,1,0,165,0,0,999,5,5,"{""name"": ""缺省值"", ""agent"": """", ""definition"": """", ""memberType"": ""Mob""}",无,fengli,gs13v6kgqhj0gn11omiq58hy,cluhz95c5000078elg5r46i83,cluhz95c5000078elg5r46i83,7e19d1b7-85c9-4601-aa7f-468df21d5773
x4otprbbcx16a6a7bu40tdgt,科隆长官,MiniBoss,f,33,440,0,Fire,0,0,66,0,33,0,0,28,0,6,999,10,30,"{""name"": ""缺省值"", ""agent"": """", ""definition"": """", ""memberType"": ""Mob""}",无,fengli,fmub3qnr9mvgnxta66irfemy,cluhz95c5000078elg5r46i83,cluhz95c5000078elg5r46i83,62704d1b-61aa-4907-aa54-c725bb0e750f
u8z2eqvlawvccsj967rbshhg,黑蘑菇,MiniBoss,f,30,440,0,Dark,0,0,30,1,30,1,0,34,0,4,999,25,50,"{""name"": ""缺省值"", ""agent"": """", ""definition"": """", ""memberType"": ""Mob""}",无,fengli,byks07yoob3dvw7fbxfc3io9,cluhz95c5000078elg5r46i83,cluhz95c5000078elg5r46i83,a8488cd2-348d-4164-8f4d-522319696353
cfcpq4nv2v41luglzbaswyl8,皮可,Mob,t,1,1,0,Wind,0,0,0,0,0,0,0,0,0,0,0,0,0,"{""name"": ""缺省值"", ""agent"": """", ""definition"": """", ""memberType"": ""Mob""}",无,托拉姆物语WIKI,fsimno55doyrmm45z41sie89,q6gowl4pci6oi0hmvks4nl7f,q6gowl4pci6oi0hmvks4nl7f,f63e42d0-5cf4-4d0e-ade4-84afece104cd
uc4jncckmmcpd6i2tc743pcu,拉菲,Mob,t,1,1,0,Normal,0,0,0,0,0,0,0,0,0,0,0,0,0,"{""name"": ""缺省值"", ""agent"": """", ""definition"": """", ""memberType"": ""Mob""}",无,托拉姆物语WIKI,ds60kph3y23rpf5mvhlsbjty,q6gowl4pci6oi0hmvks4nl7f,q6gowl4pci6oi0hmvks4nl7f,a90897ba-7a79-4633-af03-e9a677506901
