id,treeType,posX,posY,tier,name,details,dataSources,statisticId,preSkillId,updatedByAccountId,createdByAccountId
defaultSkillId,LuckSkill,0,0,0,defaultSkill,null,system,defaultSkillStatisticId,,cluhz95c5000078elg5r46i83,cluhz95c5000078elg5r46i83
wuvsmsiux5piir2kttdf7bfc,BladeSkill,0,10,1,威力攻击,null,system,nslqv1slyb64gp2jzc86wrmq,,,
zuhf4saf5h0e00gtye330j36,BladeSkill,2,12,1,迅捷攻击,null,system,ti7j367f06y2bap5xgkfp68v,wuvsmsiux5piir2kttdf7bfc,,
xgup7vymx866t05o7ui8nnxk,BladeSkill,4,12,1,横扫千军,null,system,kkb9egkmpezcnp8scwpuvnqw,zuhf4saf5h0e00gtye330j36,,
gyvvllyrcgb6nr3f8goxap1l,BladeSkill,6,12,1,爆气斩,null,system,fvse1quqna1qxqy3iawueoyb,xgup7vymx866t05o7ui8nnxk,,
bfqsc9k0ip6sgvgx6yhfem5k,BladeSkill,8,10,2,流星坠击,null,system,vmgpncr3hlh59nknufmd82n3,xgup7vymx866t05o7ui8nnxk,,
orp44bws4goql13a3gbwhvju,BladeSkill,2,8,2,音速斩切,null,system,e8jopivgqt9kvk589knv8qtb,wuvsmsiux5piir2kttdf7bfc,,
v6hn1bz93fgf7yukrx4tie86,BladeSkill,4,8,2,真空刃,null,system,i530wohdnbhh1g310xs7394z,orp44bws4goql13a3gbwhvju,,
wfd6ogfchozr8t9p0l770enh,BladeSkill,6,8,2,风暴气流,null,system,pdrbqsnpl3zswcepg2t63qxx,v6hn1bz93fgf7yukrx4tie86,,
cszvr754mhk3g6m24vc76sbh,BladeSkill,8,6,3,破坏之刃,null,system,qsgjxu471uf3jf2t2kr58q5x,v6hn1bz93fgf7yukrx4tie86,,
krkijhpd511j6fuzmnlo4kp0,BladeSkill,0,4,3,剑术要领,null,system,y4gwg62t1gb25p0sgs5tqvrm,,,
eczxeoms7dvmne9v8g0jr0fq,BladeSkill,2,4,3,剑速提升,null,system,f3k2f37knprs6e2wn0fmrkff,krkijhpd511j6fuzmnlo4kp0,,
xczml85ncanfguczrui09em3,BladeSkill,4,4,3,大师级剑术,null,system,mgc6v4qrzufzoun75m3mo0l3,eczxeoms7dvmne9v8g0jr0fq,,
xgisp7e2k3hy1pd8mofqz76j,BladeSkill,6,2,4,战吼,null,system,lrl4a5kdx8pzi1eum4jutd74,eczxeoms7dvmne9v8g0jr0fq,,
opn0dhuxmd8md5iwnmkyzbmi,BladeSkill,8,2,4,狂战士之怒,null,system,fl81c0bqsfg9qpe2oehys22s,xgisp7e2k3hy1pd8mofqz76j,,
vtxbyx7gkmy36afixb0nlaj2,BladeSkill,6,0,4,快速蹴击,null,system,d4ukj68iktprhmdmvtr25ld9,,,
bzyea5kmdy891116z8bvyr2s,BladeSkill,12,12,1,完封,null,system,zuxkwt2ihu216wrhz8fswx0s,gyvvllyrcgb6nr3f8goxap1l,,
dr6z1w34icspswh33tb289ya,BladeSkill,10,10,2,月弧斩,null,system,wjujapu5h8y7blgeo1tqe1fx,bfqsc9k0ip6sgvgx6yhfem5k,,
vnskrpk77orojjvfrlj1230d,BladeSkill,10,6,3,灵气之刃,null,system,hzdkug6c83ncfz849zap9yyr,cszvr754mhk3g6m24vc76sbh,,
thv96ue7hfbf7m099iay4o6x,BladeSkill,10,2,4,剑斗,null,system,vf3jxzkweceo3zp64hoqruwt,opn0dhuxmd8md5iwnmkyzbmi,,
icqxj02bwbq8t4j5w18pz2gd,BladeSkill,0,14,0,錘击,null,system,b44ua60oq8jst154cr14suxv,,,
t4b4nbzbzgv7u1mn7lcap7mf,BladeSkill,4,14,0,横斩披靡,null,system,jjo20qlonfiuko00fucuh1s9,icqxj02bwbq8t4j5w18pz2gd,,
vn2nue7q1ut8s5czlgs7zkj8,BladeSkill,6,14,0,风暴烈焰,null,system,nvfrgna3vtxesj56b6bf8kds,t4b4nbzbzgv7u1mn7lcap7mf,,
i9lrow5jz192ipu1an7y636o,BladeSkill,8,14,0,守护之刃,null,system,cuk6lyjwgyc7s3mzf60uxid6,vn2nue7q1ut8s5czlgs7zkj8,,
k9jizuzh1m8t70rxykspz5jr,BladeSkill,10,14,0,魔怪斩,null,system,uukxa04hn4qm00mrwv9dghhr,i9lrow5jz192ipu1an7y636o,,
ahdp9ca9eowcqsr5ryn59zgp,ShootSkill,0,14,0,威力射击,null,system,swzmfdx3lujjgud2i4mb9kun,,,
ezfgcsd44hz35d4x4af19g9m,ShootSkill,2,14,1,涡轮射击,null,system,e2zveoi9g1avrswx88bhpz42,ahdp9ca9eowcqsr5ryn59zgp,,
eb4noforpl9q697flansrbl8,ShootSkill,6,18,0,弱点狙击,null,system,aq981w4h17ku36kxxpthydi7,ezfgcsd44hz35d4x4af19g9m,,
nn102moqf92n9me8cy6p1512,ShootSkill,4,14,1,箭雨,null,system,qvk5qr4zv59j1n0ka3dsawsh,ezfgcsd44hz35d4x4af19g9m,,
lpet14kkr4ts34gdxj27bbx3,ShootSkill,8,14,1,交叉火线,null,system,ycybcb1awba2ty1cw8h428uq,nn102moqf92n9me8cy6p1512,,
pcrjvud804qb5eu45ppeau0h,ShootSkill,2,10,2,黏液射击,null,system,q43ezk1jjzop21dui2ptzb4v,ahdp9ca9eowcqsr5ryn59zgp,,
db8t1ztm800k0p5eezu97chw,ShootSkill,4,10,2,麻痺射击,null,system,olif0em05urptaglppzlj7f2,pcrjvud804qb5eu45ppeau0h,,
s32511lzx6413d2rzgurkdwp,ShootSkill,6,10,2,烟雾弹,null,system,a4ypdo8mp8frozz6doub2vty,db8t1ztm800k0p5eezu97chw,,
gq1c6jquidb3oba3f52ystaz,ShootSkill,8,10,2,断腕击,null,system,ybe5fu77cv55fzq1vgc2471u,s32511lzx6413d2rzgurkdwp,,
ss1b948s22j25n16uz6etxiq,ShootSkill,0,6,3,射击要领,null,system,n3yxax4r41veo1kkzs02gwnx,,,
z7uuozc1yyxc4vjnu0svuyzq,ShootSkill,2,2,4,匿踪,null,system,dz01wtsbi41t32m19wml48w8,ss1b948s22j25n16uz6etxiq,,
mcn07rezyrdkh9omam7bwwhh,ShootSkill,4,6,3,远程狙击,null,system,fhvs2kf1v7ardk5emoywsw5g,ss1b948s22j25n16uz6etxiq,,
vxhow87qin46l053g3box0f3,ShootSkill,6,6,3,回气,null,system,wrfc83200bgesjtb14cvwti5,mcn07rezyrdkh9omam7bwwhh,,
oactfni71e2cjhciekmfaow9,ShootSkill,8,6,3,分身射手,null,system,qvdc2e2wkg7f2ggkx75nyhqu,vxhow87qin46l053g3box0f3,,
sfgsvozl45f2qtzctr647j4w,ShootSkill,6,0,4,破灭射击,null,system,fl8wj2p6xecdry6b4gpawz6d,,,
oe8qodxljwsvs0vkj3mvbgbr,ShootSkill,12,18,0,征服者,null,system,r8gygkffbvogsfspu6ccp1pb,eb4noforpl9q697flansrbl8,,
dvlymvtoh9homgqi7mvwm0hy,ShootSkill,10,16,0,双暴风,null,system,ixtti2q5jpm31ac9m7d6vl0i,lpet14kkr4ts34gdxj27bbx3,,
crll7r2naoap1hpy03klho1s,ShootSkill,10,12,1,退身击,null,system,lpbeez7mm1zpctbehik05awu,lpet14kkr4ts34gdxj27bbx3,,
yje3qvpcmb194bllcoxqgmwp,ShootSkill,12,12,2,曲线砲,null,system,qkolsccn5yj5f3uyndhdxu67,gq1c6jquidb3oba3f52ystaz,,
h7rstbe5za1mlmo894yqou69,ShootSkill,10,4,4,武士弓术,null,system,rvl1p57beru1o291f426rklv,ss1b948s22j25n16uz6etxiq,,
sdu5pnihwfz1hcvzaaokfag7,ShootSkill,12,14,1,快速装載,null,system,drce8l34w4110md4lifdzf9p,lpet14kkr4ts34gdxj27bbx3,,
zcnqg3f0qgu7buyh9dlbwl4g,ShootSkill,12,6,4,元素所及,null,system,nc5kpm0j4j4hfiouqout2rbe,oactfni71e2cjhciekmfaow9,,
k8s7aufep84gmq2meiz7uc9p,ShootSkill,10,20,0,贯穿箭,null,system,umycc8qjqfgqqux6ihlskuvx,eb4noforpl9q697flansrbl8,,
mbwnl3sdun4zg8g2gux6rg3o,ShootSkill,10,8,3,广域散射,null,system,nrl9517vcm66n5oveyg82e6j,gq1c6jquidb3oba3f52ystaz,,
s3uqnf6pf72vjb5rtf9l2bni,ShootSkill,8,2,4,狩猎汪,null,system,uxbph38qcv0oi28midanyizm,z7uuozc1yyxc4vjnu0svuyzq,,
edb34ygvosutw7qb2kl6rt7j,MagicSkill,0,7,1,法术/飞箭,null,system,sa6nd9tzya6unyxsixfhvxdw,,,
cazxa1fn94qe9a1rrrhslwl3,MagicSkill,2,8,1,法术/长枪,null,system,o1ysbav6ju22dkqirnbasft1,edb34ygvosutw7qb2kl6rt7j,,
gqlzvzvg1a6r7bk4rw5xgqz3,MagicSkill,4,8,2,法术/魔法枪,null,system,naebmbxlaq4u1ohq5y5hkqm6,cazxa1fn94qe9a1rrrhslwl3,,
d3n35x7muz1061z580a39arj,MagicSkill,6,8,2,法术/冲击波,null,system,wn7kgoqi8g438p3w1slzvuwd,gqlzvzvg1a6r7bk4rw5xgqz3,,
c6ubhplkm0lvam5moyyfz7s4,MagicSkill,8,8,3,法术/终结,null,system,gh7x8nc66ivo1y62gr3vtrwi,d3n35x7muz1061z580a39arj,,
vto5zx30tkl5xec6gci5n4wo,MagicSkill,2,6,1,法术/障壁,null,system,ya3zxc75z10k0exhh1zwpor7,edb34ygvosutw7qb2kl6rt7j,,
agzvsr9bykofoja28shfdz2y,MagicSkill,4,6,2,法术/引爆,null,system,h88tlr8te2cqqzwagzxtyv3o,vto5zx30tkl5xec6gci5n4wo,,
mga1o0gy23htj8xnssrtkdlb,MagicSkill,6,6,2,法术/暴风,null,system,ibx42guy8f8vt8nvuawkrmtn,agzvsr9bykofoja28shfdz2y,,
z51kofljk9z0xmq61opua0ct,MagicSkill,8,6,3,法术/爆能,null,system,hx7q3p2h4rjygxsz24x2u5v3,mga1o0gy23htj8xnssrtkdlb,,
kq5gl0xif9hhtupoatnq5xbi,MagicSkill,0,4,1,魔法要领,null,system,hcgcj8hjxyn6qiyyo9lh3cw9,,,
ul6j0vivnkx5ijjmsp758mjg,MagicSkill,0,2,1,魔力充填,null,system,hteq8rlpo79dugsvv9pe7vxj,,,
vrfsuhi5lmhv70c6u7j9dkfy,MagicSkill,4,2,1,缩时咏唱,null,system,svgnm4qxfspzl3tdfpvqbm34,ul6j0vivnkx5ijjmsp758mjg,,
o3f9mwbn5dfm2ak4an8plnk7,MagicSkill,6,2,2,强射,null,system,v6xyylelp350wnjayezaf8a6,vrfsuhi5lmhv70c6u7j9dkfy,,
xg1sc7y2yc63x6p56m68ojg1,MagicSkill,8,2,3,魔力灌充,null,system,wk6pgye721pcmmnmxadwwyxw,o3f9mwbn5dfm2ak4an8plnk7,,
av75xfnies21f6qeddnoha46,MagicSkill,6,0,3,法术/光护,null,system,fnpvuiylm1p0ss23tmbuguth,,,
vcvh0w3y2l83znpok8hp10au,MagicSkill,10,8,4,变时神术,null,system,m5xyt8t0yy4shksbdpaiwguv,c6ubhplkm0lvam5moyyfz7s4,,
vh6phwi59yl8isvadjw6ybyu,MagicSkill,10,6,4,法术/魔法炮,null,system,ntr59lxwmgm30ashk6sohocj,z51kofljk9z0xmq61opua0ct,,
mdfeavqhbqxtncelf816apzy,MagicSkill,12,5,4,法术/毁灭,null,system,mnhdz6mkwfgpwzh4vyh13tdj,mga1o0gy23htj8xnssrtkdlb,,
wmar9cn7gzzqh9lw24aqmz9y,MagicSkill,10,2,4,急速充填,null,system,ecg4saqehkmk46hvi853lwui,xg1sc7y2yc63x6p56m68ojg1,,
num7wuh4hly3qvu3hbjj6k7p,MagicSkill,10,0,4,法术结界,null,system,fng6si4v43d45henvvw2btoh,xg1sc7y2yc63x6p56m68ojg1,,
x73afzbrhv1x3l9kmar42oxg,MagicSkill,4,4,4,魔法小刀,null,system,hl88m4vu3ziift1hu1tk1xun,kq5gl0xif9hhtupoatnq5xbi,,
jv7wvws0v0fgf23dv9mw3p7i,MagicSkill,6,4,4,不遗余力,null,system,bvna4txtqknfe921cjselfpm,x73afzbrhv1x3l9kmar42oxg,,
d8qrrpp8pgi4yhxjfguhkd6d,MagicSkill,12,7,5,法术/镭射,null,system,b0atwomr34fop442tfup8ws0,c6ubhplkm0lvam5moyyfz7s4,,
np0ehyr932gj7hfsv9crbym2,MagicSkill,8,4,5,咒法调律,null,system,f3dgzt9evph3x9r1y7j3myew,jv7wvws0v0fgf23dv9mw3p7i,,
untrorsqcg2o6n2rpyfweho9,MarshallSkill,1,1,1,重击,null,system,ux0vc4jdl4gjsc0erpo124c9,,,
hwk9s02sd3b1jjmeyf98jvm4,MarshallSkill,1,0,0,痛击,null,system,t3urk4i1r3esi2klikzeovt4,untrorsqcg2o6n2rpyfweho9,,
hy62hoq3iqq6uravr2tvaylw,MarshallSkill,2,0,0,穿甲,null,system,dqqc3z0362zm1hyepy79f8ba,hwk9s02sd3b1jjmeyf98jvm4,,
nxjn0peqvtfhs27r44abp3x1,MarshallSkill,3,0,0,猛暴拳,null,system,ur3sgedb5esf09k2s47min9h,hy62hoq3iqq6uravr2tvaylw,,
xeb0kkb1mvdzgcfym9sp2ino,MarshallSkill,4,0,0,战車猛击,null,system,zqecscjf52dl9k9n2ye1xp9f,nxjn0peqvtfhs27r44abp3x1,,
mx6pyoskdb7u7opypzzqe0u9,MarshallSkill,3,1,1,音速波动,null,system,pg2p2wj7612odseu1hue0tbm,untrorsqcg2o6n2rpyfweho9,,
rlgnls3t8r401sr8v3g25fd0,MarshallSkill,4,1,1,震地强袭,null,system,hbdmob0d3z0e5r1zqz7ym66j,mx6pyoskdb7u7opypzzqe0u9,,
hjnzt2bulnm7y0p0xv9utyah,MarshallSkill,0,2,2,三段击,null,system,cb6lt8n872sas4oq1519uako,rlgnls3t8r401sr8v3g25fd0,,
q2dmzmqioczv70to3uxstx08,MarshallSkill,1,2,2,疾袭,null,system,zm1qlet7zydq6a909ujngi4a,hjnzt2bulnm7y0p0xv9utyah,,
d8o2c8wox7w0kurpsgyntnn5,MarshallSkill,0,3,3,格斗要领,null,system,sw8fwz3cl63080jbqndxdheb,,,
dh6ki983ucyq5k6xruwoz1ol,MarshallSkill,1,3,3,体术锻炼,null,system,cxr7t4vokppfx1jnbatayn62,d8o2c8wox7w0kurpsgyntnn5,,
b37otpsvyq2f7nkx36mdeoug,MarshallSkill,2,3,3,经络脉轮,null,system,up3oc2byqrgdv9sh8l4773ik,dh6ki983ucyq5k6xruwoz1ol,,
w6pnen2vn47moyxe2sflvtq9,MarshallSkill,4,3,3,乘胜追击,null,system,ngxew0ud1l9bia5qkeowmxrs,,,
wz5qsfe541irwkd1jpygxh3k,MarshallSkill,0,4,4,猛力追击,null,system,iiiphdeiym5cfr4l90suu2bu,w6pnen2vn47moyxe2sflvtq9,,
oft6ua2pc5004mmxdpq7u8hj,MarshallSkill,1,4,4,滑行,null,system,xqbgytzz67gmap9nl03yy52e,,,
zuyex92e7g18tm7qdqa4plnh,MarshallSkill,0,1,1,心像千手,null,system,czwg4zwzvrvbdayur078fmw8,xeb0kkb1mvdzgcfym9sp2ino,,
o7wy0ulcs6k1tp3cjgmn7qwa,MarshallSkill,2,2,2,修罗气场,null,system,c7bo8qb1srif254vrb1n3vwv,q2dmzmqioczv70to3uxstx08,,
urjd4i7cccn0h84850ocwuy2,MarshallSkill,4,2,2,闪影击,null,system,hnlsn53ui59cf781o3cwp9oj,hjnzt2bulnm7y0p0xv9utyah,,
kjxr9m1h6assbg74xo65isfp,MarshallSkill,3,3,3,化劲,null,system,uuuef4kp9wbdy2udf3n2etqe,b37otpsvyq2f7nkx36mdeoug,,
tkd01ue7njt37mq38cj640hv,MarshallSkill,0,0,0,贴山靠,null,system,z2h8uqjvr9wvjvn0c3nvsty8,xeb0kkb1mvdzgcfym9sp2ino,,
p45jg4d0mlizqiwzgj2ixepd,MarshallSkill,2,1,1,震腳,null,system,d40gaiav0drlqb0kcrvpcw9q,rlgnls3t8r401sr8v3g25fd0,,
rrl0p93nm9j1sfsxszvgtamf,MarshallSkill,3,2,2,旋扫,null,system,q2bfbf34nijm7gdp0q4otsjt,q2dmzmqioczv70to3uxstx08,,
kn0pl6r58i6xvg759kacsmcg,DualSwordSkill,1,0,0,双剑要领,null,system,wczl4qdax7f6wx97fa4ru2ib,,,
oz8hfr46mc1ynvjl1d5ekt3e,DualSwordSkill,2,0,0,双弧斩,null,system,i0td2n0fr80fzax4wgc7kidf,kn0pl6r58i6xvg759kacsmcg,,
pqzg12ztlrg4ulsyb81x5e46,DualSwordSkill,3,0,0,破空刃,null,system,fpicwyhnrdwp7xvixlstqhak,oz8hfr46mc1ynvjl1d5ekt3e,,
scnt17t0pvcvbqzm02bh0stj,DualSwordSkill,4,0,0,幻影剑,null,system,nqvvvqvwvxg0kluldz6i0o9b,pqzg12ztlrg4ulsyb81x5e46,,
qxxzrnxeeybr7i7rynhlthyf,DualSwordSkill,1,1,1,御空破阵,null,system,kvi4hrarj0646hbt1d1fk1ea,kn0pl6r58i6xvg759kacsmcg,,
eth5d9e81y85ic8hshoe7mcf,DualSwordSkill,2,1,1,猛爆斩,null,system,i5kdfv1hwx01cw33mtcp3q75,qxxzrnxeeybr7i7rynhlthyf,,
iah7vdl9x5m6bca92qrxon9y,DualSwordSkill,3,1,1,剑影,null,system,zjw5lj9eh8acbi7txehm3fv6,eth5d9e81y85ic8hshoe7mcf,,
ouxk59j3mo5wrm087ynuqcee,DualSwordSkill,4,1,1,闪光交叉,null,system,aue1tu238uaqct1yqd2crggz,iah7vdl9x5m6bca92qrxon9y,,
n6hyh4lhoh2xgijrd43jynig,DualSwordSkill,1,2,2,步步为营,null,system,mnsd1tikm1hnfpdq6siosymr,kn0pl6r58i6xvg759kacsmcg,,
x0m7zvor5gr846inftl3390f,DualSwordSkill,2,2,2,剑闪,null,system,tstux4esxcv3el7tjycnq1n1,n6hyh4lhoh2xgijrd43jynig,,
obwr95xr41lqf2cowdfs6cs9,DualSwordSkill,3,2,2,疾风收割,null,system,v710yuf36t1coexin5g0vjx4,x0m7zvor5gr846inftl3390f,,
miwz9o5kt3n0daivaf53u830,DualSwordSkill,4,2,2,双剑锻炼,null,system,agkwyrpx6mglbyvvknignaf8,kn0pl6r58i6xvg759kacsmcg,,
cv9h4n2iokakd10c3d5jz833,DualSwordSkill,0,3,3,神速軌跡,null,system,t804up37nug0dw02tg35ppcs,miwz9o5kt3n0daivaf53u830,,
fe80t1f27impqraasa3ucziv,DualSwordSkill,1,3,3,剑舞灵光,null,system,im00nplymxp82ryn6xifewsv,cv9h4n2iokakd10c3d5jz833,,
scqw6zv35kce2ufutlbsjigw,DualSwordSkill,0,0,0,破空刃斩,null,system,pgxwelri42dq38akkzj46x8w,pqzg12ztlrg4ulsyb81x5e46,,
ds9uhl651j5u397ihsztmk2d,DualSwordSkill,0,1,1,月神灾厄,null,system,h2y6749ceim94w2ntw00bx61,ouxk59j3mo5wrm087ynuqcee,,
wrgzr6mtss0l12n04pt53fte,DualSwordSkill,0,2,2,双破坏之刃,null,system,tu77h9p5qlaq70vdp5q8q7ge,ouxk59j3mo5wrm087ynuqcee,,
scvh692ww3mc22q5p7fxqaqe,DualSwordSkill,2,3,3,弧光剑舞,null,system,djs6xm6gfpkqvciy9gpznggg,fe80t1f27impqraasa3ucziv,,
ifjs3nwl8owkto9ognt0zsj7,DualSwordSkill,3,3,3,剑刃突刺,null,system,kgtenqjxdhonte7um8qfhqny,qejj5ssdqlxihy4vecyz2e5s,,
qejj5ssdqlxihy4vecyz2e5s,DualSwordSkill,4,3,3,空舞斩,null,system,pswwlewh1j8gq8kdlc9fi0tl,cv9h4n2iokakd10c3d5jz833,,
edy6u02e0ea81mz0a8th1sls,DualSwordSkill,0,4,4,水平横斩,null,system,zvxzbkouury3gp9kg2ja7m2a,qejj5ssdqlxihy4vecyz2e5s,,
jmwei3a59ic2xwd18gmc48ry,HalberdSkill,2,0,0,迅捷刺突,null,system,cb6cqj45igy6karcqjiqas40,,,
iy8usp9ype5nmwkhnpucyaqn,HalberdSkill,3,0,0,鸿鹄一掷,null,system,ssi8xmd7om7l1e64hrf54ghr,jmwei3a59ic2xwd18gmc48ry,,
h0xo74a5rdb1rqxh96jfj4b4,HalberdSkill,4,0,0,龙尾,null,system,ck4nm2cbousicelfya06uu89,iy8usp9ype5nmwkhnpucyaqn,,
ukpeuf4xtz13lm7ld2lacjr2,HalberdSkill,0,1,1,潜龙撼地,null,system,mziq8t1wf1urf08xjwppxt87,h0xo74a5rdb1rqxh96jfj4b4,,
t5iuq66zh99qtvlie8bxuzuj,HalberdSkill,0,0,0,龙牙击,null,system,p3o9re0ui1t5cyusaqp0ky5o,h0xo74a5rdb1rqxh96jfj4b4,,
x7u16ikef9unr14jdbsmzxcz,HalberdSkill,1,1,1,死亡斧枪,null,system,mw0r1f4jtiqdrrczc785acuv,jmwei3a59ic2xwd18gmc48ry,,
b28nd8haj7sgaxtwhp4x6cfa,HalberdSkill,2,1,1,穿刺击,null,system,f2cclwnznhr3p1dhjlq5ylmi,x7u16ikef9unr14jdbsmzxcz,,
elvrinupjnenzscyg1byz6hp,HalberdSkill,3,1,1,时空驱动,null,system,jjvgetsbymkrhrxspdd39per,b28nd8haj7sgaxtwhp4x6cfa,,
ne2zv6g1a2qprfg58q6t9xse,HalberdSkill,0,2,2,惩戒之枪,null,system,josze5ldg0ksvfrloxawwmxb,x7u16ikef9unr14jdbsmzxcz,,
cr4l754cnokh4j50fn1ofrpr,HalberdSkill,4,2,2,斧枪要领,null,system,por2gddj5to94q25ldfdks4l,,,
val10svg1d5m2c1nrs55ne2o,HalberdSkill,0,3,3,凝聚心神,null,system,zg7c3azdu3bylrvcm23xrqj7,cr4l754cnokh4j50fn1ofrpr,,
i7un51lww5mz3xxr4rjga1zs,HalberdSkill,2,3,3,破风之势,null,system,u51r59jov3i6xk2kzilg5cou,,,
i85ziqk4pdlnppd5jui5a3qj,HalberdSkill,3,3,3,逆境怒吼,null,system,mwitwba5t5crcpjrl1z2o7ha,i7un51lww5mz3xxr4rjga1zs,,
ykdghnqbsp0swgpkkvux850t,HalberdSkill,4,3,3,神速掌握,null,system,lj38k3at20sp8s5veee0b5zc,i85ziqk4pdlnppd5jui5a3qj,,
phplbbgvq0idks60mzexy9fh,HalberdSkill,1,4,4,破坏矛,null,system,xa0zsqziaim2fr7sx5fq9817,,,
aq6zx7d05ul6hr41yfu09102,HalberdSkill,1,0,0,龙力充填,null,system,rfs43vhq10ylc1cq8koxshgw,t5iuq66zh99qtvlie8bxuzuj,,
czgyn1to3kktvftjlf5a4vx2,HalberdSkill,4,1,1,无穷空间,null,system,g45ctieg0eq9u0r7xy7mn80z,elvrinupjnenzscyg1byz6hp,,
y9xsi4tlchlyo4fb0shpiani,HalberdSkill,1,3,3,飓风枪,null,system,n96dbb9hit8rxgx6vf4xg4gy,val10svg1d5m2c1nrs55ne2o,,
u8gge14x3b86rq235ajgi6eg,HalberdSkill,0,4,4,神枪掌握,null,system,e65ylnviqwcp04nrabtkozfb,ykdghnqbsp0swgpkkvux850t,,
id5gkizf5p5flvz9vde9f4l3,HalberdSkill,1,2,2,雷霆之枪,null,system,cf8hej05hcqeu33uumbc7r19,ne2zv6g1a2qprfg58q6t9xse,,
qmaeqlqcy6wbi2664r9h9nq4,HalberdSkill,2,2,2,天打雷劈,null,system,feoza42ldrefinti8btn4nbk,id5gkizf5p5flvz9vde9f4l3,,
kh3m2eaj8skt1kln2yvqzika,HalberdSkill,3,2,2,索尔之锤,null,system,kdru3r34vsnke2h7kmwp2r2k,qmaeqlqcy6wbi2664r9h9nq4,,
i0z85afdwyfjxvf746f35dub,MononofuSkill,0,0,0,一闪,null,system,spyjecntvqqxfqcp95uhgpx7,,,
wwdxvt09d02f68vmqkj07w0o,MononofuSkill,1,0,0,波动刃,null,system,tcp9h6eehg0gxb6icv958hp3,i0z85afdwyfjxvf746f35dub,,
rckhfxcxgz67d24uxbmb7t8r,MononofuSkill,2,0,0,三段突刺,null,system,tqw9pnc9edcu1zv1zem02162,wwdxvt09d02f68vmqkj07w0o,,
nx2ls2o25m8dgig8oxqhra2r,MononofuSkill,3,0,0,八相发破,null,system,runxg631ezqov29dh5lwuhau,rckhfxcxgz67d24uxbmb7t8r,,
p8t1a4nh3fwpxld1a9c56rg1,MononofuSkill,4,1,1,画龙点睛,null,system,sx1ler4jg9emw3dxvvi5xnnz,nx2ls2o25m8dgig8oxqhra2r,,
rzycfbjrybcjrhlac80i5b8n,MononofuSkill,4,0,0,天流乱星,null,system,z0ot0aq00cm9u0i9c7g47dpy,nx2ls2o25m8dgig8oxqhra2r,,
ovd5c9qec5pqkyv7nljrcdxy,MononofuSkill,1,1,1,刀柄打击,null,system,qsqqp8wanqxxtk51jypbi539,,,
s6iuco09sgvkg14camlwi4n0,MononofuSkill,2,1,1,断祸,null,system,rjsp9kxeghj4zxlvempa1gpy,ovd5c9qec5pqkyv7nljrcdxy,,
j940cvxvtgwbs2w4f1qgfsbe,MononofuSkill,3,1,1,斩钉截铁,null,system,unld0eloi6t4g2mfupv1pp2j,s6iuco09sgvkg14camlwi4n0,,
n081ca39djcvdudh3tmvqw33,MononofuSkill,1,2,2,武士道,null,system,vmrao72dm2y26pqiqgc6ur7l,,,
kzouiy6w3q7ev25ami3lsgcc,MononofuSkill,2,2,2,缩地法,null,system,wrtyln4lbi6gem1hwaysedj0,n081ca39djcvdudh3tmvqw33,,
a8cue4dtdwgnossvfvclzq93,MononofuSkill,4,2,2,双手合持,null,system,zfy69blhwx6ggxek4cks44p8,n081ca39djcvdudh3tmvqw33,,
r5fybovvn8x32hqx18libi8i,MononofuSkill,0,3,3,明镜止水,null,system,utbq7y60gu8hjlixup4ynu0e,a8cue4dtdwgnossvfvclzq93,,
vlv15znpt3xewbkzfh4x30dm,MononofuSkill,1,3,3,怪力乱神,null,system,r44ligjdblsxh7gff2xkmy7k,r5fybovvn8x32hqx18libi8i,,
fkczyq5ggekdo5xyjgeejw8a,MononofuSkill,2,4,4,弹刀,null,system,gfj3euwch9fpj5kw22pnnfdc,,,
q6xyg2ucynw60d4hlgob3k1s,MononofuSkill,0,1,1,霞雪月花,null,system,glyzivaqfmdrwlti2w4w3786,rzycfbjrybcjrhlac80i5b8n,,
vstq57koa0cl68l1esnij79l,MononofuSkill,0,2,2,无影斩,null,system,hs2h8qq2a1h4cakvmd4vmfri,p8t1a4nh3fwpxld1a9c56rg1,,
cr4fqyfb0c33rgj550qimhn6,MononofuSkill,3,2,2,突袭制其先,null,system,wzt6mkuk3fxhogv2ttie9nhh,kzouiy6w3q7ev25ami3lsgcc,,
pbmk4hrwehr42tk2pv09cgce,MononofuSkill,2,3,3,不挠不屈,null,system,e8s6zxl0favlfpx9vh6jy5y7,vlv15znpt3xewbkzfh4x30dm,,
z5ruenk6aeah8b443jvsovny,MononofuSkill,3,3,3,瑞风,null,system,f9o21t7qle7g5j1zvfcdjlah,r5fybovvn8x32hqx18libi8i,,
wtcn9gck9untpwkka7x9hm8u,MononofuSkill,4,3,3,一阵风,null,system,bksd6j71a710sid90qg9tlu5,z5ruenk6aeah8b443jvsovny,,
pmsyp7b1n846js5ycjtaf79a,MononofuSkill,0,4,4,飒,null,system,n6xv845dc2mqlw1f3pknu489,wtcn9gck9untpwkka7x9hm8u,,
gc5bn4a3hpkni16geet2nyru,MononofuSkill,1,4,4,一阵风．改,null,system,bc5pvzlcsot73dexgi559nc0,pmsyp7b1n846js5ycjtaf79a,,
r73wa5ag0rj8g216ge060sby,CrusherSkill,0,0,0,正拳突击,null,system,ltosrk2siguaiwui2firr3m7,,,
nqc11hgytaqnurhuerbsbqxf,CrusherSkill,1,0,0,巨人烈破,null,system,en3upc1ie93290pxn4z1j0s8,r73wa5ag0rj8g216ge060sby,,
ugbm5bokpekurommqjp9nv08,CrusherSkill,2,0,0,神之手,null,system,tlvpcveb23tovadil06a1ixb,nqc11hgytaqnurhuerbsbqxf,,
dwkvo357s49ynso57p47rwuu,CrusherSkill,4,0,0,呼吸法,null,system,ms3ewnyx2z3xpapdr2pfj40t,,,
jl4mmzx3v0thb20x54m92l3c,CrusherSkill,0,1,1,飞踢,null,system,qgyps2y0270eqft7iyfxxilm,dwkvo357s49ynso57p47rwuu,,
p02dszmdtt8fnykasikbx3r3,CrusherSkill,2,1,1,组合拳,null,system,qblj2e6lvk50wwkxv9pnyyq0,dwkvo357s49ynso57p47rwuu,,
f5v31xqsmqno11esu7l1vjwh,CrusherSkill,3,1,1,破坏者,null,system,q5y9dh4bh4n0khknwvfx90we,p02dszmdtt8fnykasikbx3r3,,
exx32xpyxl6qh0reppm7upo6,CrusherSkill,3,0,0,神刚体,null,system,y6l75i2c1e5ht8xf3c9ux27w,ugbm5bokpekurommqjp9nv08,,
ng6xcl7ch835i7d2qzvewowd,CrusherSkill,4,1,1,碎地之技,null,system,la0elm0y45aoo2h6lv79k5cy,f5v31xqsmqno11esu7l1vjwh,,
m1mfy6xdd86o2yqcjqac0cs0,CrusherSkill,1,1,1,喷泉飞踢,null,system,ac8o4cxm3hm5jpllccgf73kf,jl4mmzx3v0thb20x54m92l3c,,
vf4u59og988ke1y98jkszyeu,FeatheringSkill,0,0,0,复苏,null,system,d4zyzur30denluwk6x7a1jag,wdx6d4bhbla1zddw28hc1uk3,,
wdx6d4bhbla1zddw28hc1uk3,FeatheringSkill,1,0,0,守望相助,null,system,x7jg66bwdfrdn07mx5ffvqux,mao05s46zo9v9iuh0o2zxfwh,,
mao05s46zo9v9iuh0o2zxfwh,FeatheringSkill,2,0,0,紧急援助,null,system,urydynjd0ago2uqdqq32i3es,mkyrsnua0fasuz8yasc7iysw,,
dhz8rz81wyrxkdf5y2uyk4bd,FeatheringSkill,3,0,0,稳定术,null,system,xemnntb7ulwyacxttyo41tfn,v6p45n86z9sxj3ecqck6f1ga,,
mkyrsnua0fasuz8yasc7iysw,FeatheringSkill,0,1,1,自动装置,null,system,dg2c9r0tw5jahdvnpdl5kkhe,,,
v6p45n86z9sxj3ecqck6f1ga,FeatheringSkill,1,1,1,增强术,null,system,w44whha7j2aouy0vpdkf6hdi,mao05s46zo9v9iuh0o2zxfwh,,
mjobyp2mmmqo5zxs6uem26xj,FeatheringSkill,2,1,1,反击势力,null,system,p991tk5s8u9ysqr3b2zdvti9,mkyrsnua0fasuz8yasc7iysw,,
msr6zb0p8hxykq9k1b5ne0cb,FeatheringSkill,3,1,1,灵魂护盾,null,system,jujx2c29u9rt8xvefdpdvnkn,v6p45n86z9sxj3ecqck6f1ga,,
q56fkchxr7uudpz0044tguk1,FeatheringSkill,4,1,1,天外长枪,null,system,me8a9z5dqsectyb16zc2580r,mjobyp2mmmqo5zxs6uem26xj,,
p6pkrjut2i0v12b6orv3ifqy,FeatheringSkill,0,2,2,魔法火神,null,system,uzzi1zkk241ij498bn55yz69,q56fkchxr7uudpz0044tguk1,,
ezmdttvq2na5rif6kmvvfrpz,FeatheringSkill,4,0,0,灵魂强化,null,system,wwm1etko07zwdepkv5fwbnf9,dhz8rz81wyrxkdf5y2uyk4bd,,
ns9nuh6z2tmdwpa7886kwsu4,FeatheringSkill,1,2,2,詛咒祭坛,null,system,mb3a0w73y2kr727e6ty53tuz,p6pkrjut2i0v12b6orv3ifqy,,
bkcnea45dn2y3bueclje9zaa,FeatheringSkill,2,2,2,点燃,null,system,p1xicw0kng753g1u1o89tefw,,,
h875ojistbm0ul64zlw7kphi,FeatheringSkill,3,2,2,土龙魔弹,null,system,qbkk7mofbsoqq7cdw6enyxqs,bkcnea45dn2y3bueclje9zaa,,
xk9bsgdvm2ctpds3h2pghwjl,FeatheringSkill,4,2,2,虛幻武装,null,system,b1el9g6s0p13qt4uohd9fjqd,h875ojistbm0ul64zlw7kphi,,
u1tj16n8drj539a0lbsh9gwh,FeatheringSkill,0,3,3,魔刃收割,null,system,f52jyi5lkr5cap1a9z6j865r,xk9bsgdvm2ctpds3h2pghwjl,,
y6vlf6oqt5lz4cd7noehclvl,FeatheringSkill,1,3,3,生命的光辉,null,system,driandtypnisssw0iuieshij,u1tj16n8drj539a0lbsh9gwh,,
adlege2lfia99xmp0pyzboyp,GuardSkill,1,0,0,重防具要领,null,system,fc2sg5bh9vka5mymhzwf6tmi,,,
k5c60h0qgtsv7aglqsv3w2zc,GuardSkill,2,0,0,进阶阻挡,null,system,sinrij1ua56lwu7azuti8qco,adlege2lfia99xmp0pyzboyp,,
f0bjbk1yugc7ir2irzaxftn9,GuardSkill,0,0,0,物理防御,null,system,jlycmie5xhsxiy6dfg40c0jb,adlege2lfia99xmp0pyzboyp,,
q4yx2322uue0w90d5hs0ve8t,GuardSkill,3,0,0,轻防具要领,null,system,i03vaknjhwa4q7u6ncmy82w8,,,
kekbha03w14v4pj8c2kijpcz,GuardSkill,4,0,0,进阶闪躲,null,system,sia6utaynwbcbmkpkd2yycef,q4yx2322uue0w90d5hs0ve8t,,
rbbnmif82n16jsd7ccuios07,GuardSkill,0,1,1,幻象迷踪,null,system,tvmp88xz47qh8fd6sdg5qn9d,q4yx2322uue0w90d5hs0ve8t,,
qz0a5fwjiepy7y0seb4n6dcq,ShieldSkill,3,0,0,盾牌要领,null,system,rmpok5j8246l6zd0zje3yuc8,,,
fm1nvth76qgo0rpa06s8j19q,ShieldSkill,0,0,0,重盾击,null,system,w6emos7nkt8y9jch6zgl9of3,qz0a5fwjiepy7y0seb4n6dcq,,
yh3mml2tnv5fs4hs32u1pr43,ShieldSkill,1,0,0,飞盾,null,system,e1h6eifojuw2w7giovk04s52,fm1nvth76qgo0rpa06s8j19q,,
qhs4rz13o96zw6avrxjbi4h7,ShieldSkill,2,0,0,伤害反弹,null,system,pqy6u866baufkbguagmnhjqm,yh3mml2tnv5fs4hs32u1pr43,,
uv30t2ud1ocedjs8aqzc3yg8,ShieldSkill,4,0,0,防护盾甲,null,system,eswwady1bseyr7sivyxu6rlg,qz0a5fwjiepy7y0seb4n6dcq,,
qodhhuhj5absfowzdl0o0i75,ShieldSkill,0,1,1,防魔盾甲,null,system,lcx56urp9lcc90cktlp3peit,uv30t2ud1ocedjs8aqzc3yg8,,
chas36gsc2xodvbmmq3akouq,ShieldSkill,0,2,2,防御界限,null,system,tgp0v4ls756gpjfz5vl2t1g3,,,
vr0nlkr5cx1m41xoxuvtbizs,ShieldSkill,1,2,2,魔法庇护,null,system,qh0vix1ivnyxi11jsywdh0v9,chas36gsc2xodvbmmq3akouq,,
gbul17rgy5j20h1rvigjifgt,ShieldSkill,2,2,2,移花接木,null,system,hlucnjyyn172x2vwyzrwvw3p,vr0nlkr5cx1m41xoxuvtbizs,,
bz2pbh322xw8sdy9fj651iwl,ShieldSkill,1,1,1,上击盾,null,system,vubx3ibi55pjc5usvwm5z63u,qz0a5fwjiepy7y0seb4n6dcq,,
mwznl0eny2xciw633m6y1jqw,ShieldSkill,2,1,1,成双之盾,null,system,d58by1fdy3emf1d8pgnhysb0,bz2pbh322xw8sdy9fj651iwl,,
psllpxnu4bj410bawo5i23a5,ShieldSkill,3,1,1,护盾修复,null,system,sfteldlijwfvoji9eiey2wjc,mwznl0eny2xciw633m6y1jqw,,
j3e2tt0g4ifjpxbznkttge9a,ShieldSkill,4,1,1,围攻,null,system,t1yx2vn2bnocix9t0ydvnjfd,psllpxnu4bj410bawo5i23a5,,
n2g5sdsdm380aiy6v1qnj7d5,KnifeSkill,4,0,0,飞刃,null,system,joj0tbamula1epflo8g7863q,,,
v0lxjzgdt3y9vvun9g5w0aq1,KnifeSkill,0,0,0,定影针,null,system,s3c9wummyi8c9rtiqjiiiuiv,n2g5sdsdm380aiy6v1qnj7d5,,
b07kbr43kihjn9ljh2qtl62k,KnifeSkill,1,0,0,加特林机枪,null,system,fwg8s3ivkm7zio58mhsecr3w,v0lxjzgdt3y9vvun9g5w0aq1,,
wqzf9ggb1j4m8ecauoij3k46,KnifeSkill,2,0,0,神乎其技,null,system,h4yxd39zvk3iizpfsf6vg6k0,b07kbr43kihjn9ljh2qtl62k,,
b1l8fl1cmuv4kf5p0lus1rzs,KnifeSkill,0,1,1,毒飞刃,null,system,x5fv19m0hrw9lq70fl2fy0ae,n2g5sdsdm380aiy6v1qnj7d5,,
dr5vn2x1g8pjyuqs5ckdt39a,KnifeSkill,1,1,1,连环刃,null,system,jaizckyeraqt616lyr2omm12,b1l8fl1cmuv4kf5p0lus1rzs,,
d6s6xlqyb2jjn8ph862y78rs,KnifeSkill,2,1,1,无影刃,null,system,mv74alb5gfwr1yn6tfugzzdb,,,
it9v0enfnkgekl37now1gfb1,KnifeSkill,3,1,1,威力增幅,null,system,hdulcddwrqannmgptduyyij9,d6s6xlqyb2jjn8ph862y78rs,,
g1uv09ds7mrwp8b12edi1495,KnifeSkill,4,1,1,装甲破坏,null,system,i6xfg96sum9kcm9brffu4bsq,it9v0enfnkgekl37now1gfb1,,
xgzibwkdzihdepcasdw2vwfc,KnifeSkill,0,2,2,短兵相接,null,system,ci6mczueg9s18xy7qu10cgu6,it9v0enfnkgekl37now1gfb1,,
w487tzlfjo9sqlkcficlrq89,KnifeSkill,1,2,2,畏惧之刃,null,system,zqxomdt343pq9pgbmonhqxy3,xgzibwkdzihdepcasdw2vwfc,,
hwmtwb5jm8xgdw3ejc8feeoj,KnifeSkill,3,0,0,疯狂飞刀,null,system,s9uo2feej1nxtjucc9nom0lh,wqzf9ggb1j4m8ecauoij3k46,,
m3blps67izd515zwia85ykz0,KnifeSkill,2,2,2,回旋噬咬,null,system,viqkuxd2kdg0xua5bbtl3iyn,w487tzlfjo9sqlkcficlrq89,,
rwii1u9ln834hkfktpm3oznh,KnightSkill,0,0,0,突击,null,system,lzw33d2rt8c2z7iagevpfej7,,,
tdoncrk9mub3koji0601t4nh,KnightSkill,1,0,0,卸力,null,system,rrg4pan996mcfk0hr3mf37lg,rwii1u9ln834hkfktpm3oznh,,
qhqvjfdtgwjtsvodngij6xe4,KnightSkill,2,0,0,完善守备,null,system,rsjwmhxa53cbprjfkbw4lk0f,tdoncrk9mub3koji0601t4nh,,
wvydox63zq8plsqe329vzovn,KnightSkill,3,0,0,重骑觉醒,null,system,sb9rv7n2xscyhu3vemxizke3,qhqvjfdtgwjtsvodngij6xe4,,
w8x8ub0rkgk5sm2kdodteajb,KnightSkill,0,1,1,挑衅,null,system,vxygoy5t7fir6gvhmac535ug,,,
y3v61ajygtr43zvoja7l066w,KnightSkill,1,1,1,愤怒的一击,null,system,oxsr9li2uvhjjh163tzmnz1e,w8x8ub0rkgk5sm2kdodteajb,,
e9iflh38ea1w0z7rijrgcyqq,KnightSkill,2,1,1,系影强袭,null,system,f7nzo3ibmorj5alkhf9nrio1,y3v61ajygtr43zvoja7l066w,,
zlq5lhfs9tnejq3nt429dmdl,KnightSkill,3,1,1,骑士决意,null,system,m9vh1hcsn2e4sswebbfyb16e,e9iflh38ea1w0z7rijrgcyqq,,
t966muz78fofmnouauarrxj4,KnightSkill,0,2,2,音速挤压,null,system,jq9ae8vexi0fsayl6a0dzsr3,y3v61ajygtr43zvoja7l066w,,
k8u10gc45vuirei17a4vgckn,KnightSkill,1,2,2,归来,null,system,u7vj85d8y44c2lv4txwlt012,t966muz78fofmnouauarrxj4,,
u8lsmq6ry53ap0420x9b1hkz,KnightSkill,2,2,2,骑士勇姿,null,system,wemaho9o56e8wsthzcr4mmpx,,,
yufo96kvwb1y2qczjgn3ro8f,KnightSkill,3,2,2,骑士治愈,null,system,al0zwl6hflgj6240b5q1sdsb,u8lsmq6ry53ap0420x9b1hkz,,
t7tv66e78g5iiljih743uzxp,KnightSkill,4,0,0,后防盾甲,null,system,l8lhg6l5ur2aeil9w59m4dg7,wvydox63zq8plsqe329vzovn,,
wdd7yjpg5vl9z5bkinurbb0q,KnightSkill,4,1,1,闪烁之剑,null,system,bv7eb1ri7jysx0cvyvvk9hnt,zlq5lhfs9tnejq3nt429dmdl,,
xkn89kidcy8idfi5imz5yy6i,KnightSkill,4,2,2,骑士誓約,null,system,dcik1t1hizm603cmajjijkoz,yufo96kvwb1y2qczjgn3ro8f,,
r6dlxskgjv5b20v0av3jf791,HunterSkill,0,0,0,腿踢,null,system,vfb0nffuif9c2rmau9rhsjkj,,,
p1d0ng2cytp2nhbyslf7k3aq,HunterSkill,1,0,0,旭日之箭,null,system,m2yfi13bo1j6bfl8f0psdmqr,r6dlxskgjv5b20v0av3jf791,,
e167hxnfsuz3qj4h2ayoqspg,HunterSkill,2,0,0,力量之箭,null,system,s62qbcrb9lkgiz2kllauf3jb,p1d0ng2cytp2nhbyslf7k3aq,,
t595p1ao1pdhr0s2d1it62xh,HunterSkill,3,0,0,星坠,null,system,lpkqemv73wow5n0qbu14hld8,e167hxnfsuz3qj4h2ayoqspg,,
fvcb6j7t3hf00pl56z9tpa3p,HunterSkill,0,1,1,沉睡陷阱,null,system,f0jj6ejkusv70ymnibcq3i8e,,,
lglstcktduk4l9490lydz6fk,HunterSkill,1,1,1,绊脚陷阱,null,system,kfquiylmvelsfdfbmk3xae1h,fvcb6j7t3hf00pl56z9tpa3p,,
o90wly3xb98spwiz7scyhozy,HunterSkill,2,1,1,猛爆地雷,null,system,b0jigwivqe5vraxip3f0e6z9,lglstcktduk4l9490lydz6fk,,
t13eb7x467npy0h7o1kguf2c,HunterSkill,3,1,1,乏力陷阱,null,system,n28js4rco39vm9qxhhgk22xi,o90wly3xb98spwiz7scyhozy,,
w64o5bjiusutli37vgewidv3,HunterSkill,2,2,2,寻踪射击,null,system,lk4kvnxfou2fkxl7dh46ps3o,,,
pya08f1un00xayce6hl2vgn3,HunterSkill,3,2,2,探知,null,system,bc6dt1tnzx4k88xjr9s9n9nc,w64o5bjiusutli37vgewidv3,,
w069ebika5r68qn5vnm1flyl,HunterSkill,0,2,2,气旋箭,null,system,ntln1x8rvepv0wepmuekdcch,pya08f1un00xayce6hl2vgn3,,
ukcu6y6825hmlak6kiff8us4,HunterSkill,1,2,2,垂直气弹,null,system,w6j4iblsd9zmxx9o24ffjj6x,w069ebika5r68qn5vnm1flyl,,
oascvta8f9i3p1er9dc95h6u,HunterSkill,4,2,2,弩弓猎人,null,system,veng5lfod4f8bzkz3kiwds0x,pya08f1un00xayce6hl2vgn3,,
kuwb2cq0q6je0qmi6w63y86s,HunterSkill,0,3,3,多重狩猎,null,system,qgu6ake6hpgg4is4qw6jvvz7,oascvta8f9i3p1er9dc95h6u,,
v9hozj11imdnwctv517kc7w4,HunterSkill,4,0,0,聚焦,null,system,tsscfz1h8pjqrolachlkyhtv,t595p1ao1pdhr0s2d1it62xh,,
ndko9iii8d57ryhi2a9emdf8,HunterSkill,4,1,1,伪装术,null,system,vxgemv6sabmr60cplehbvfxm,t13eb7x467npy0h7o1kguf2c,,
h33gn6cvkm76j2sl9u79cxmy,HunterSkill,1,3,3,狩猎知识,null,system,i332coz6tm8h1xh6yjmd9mlh,kuwb2cq0q6je0qmi6w63y86s,,
adqfx9dh58hnzvc0moqvku49,PriestSkill,0,0,0,祝福,null,system,lsext6stmwfe0eczjz997yka,,,
jy7a6rwqxdlj21h8kqc3qms9,PriestSkill,1,0,0,荣耀颂歌,null,system,w5275zp7wx4n7hj3v56wmn4u,adqfx9dh58hnzvc0moqvku49,,
vlt2f88su294tejv6zk3ht11,PriestSkill,2,0,0,强化祝福,null,system,gsgxt9h7fzggp7n1p03tod5k,jy7a6rwqxdlj21h8kqc3qms9,,
s8uly6ctz4ot8rc6aivqtax1,PriestSkill,3,0,0,高貴治愈,null,system,ppu35jffm8dnag5gswgdamun,vlt2f88su294tejv6zk3ht11,,
zmvffsyfjb7bcac7sdv83381,PriestSkill,0,1,1,圣拳之裁,null,system,uwzdpgl5oqliwq3x60lqpar5,,,
vyodbzn2wnw05mhttnna70xk,PriestSkill,1,1,1,神圣光辉,null,system,n0b1r5v9imagd360e1v0oy4p,zmvffsyfjb7bcac7sdv83381,,
lt14e6ft2302z7uymwnyp373,PriestSkill,2,1,1,空灵障壁,null,system,p0bojub0e5hd8nnprxrhmipc,vyodbzn2wnw05mhttnna70xk,,
l6tjj0qgmspm3x18v5t8jnnu,PriestSkill,3,1,1,祈祷,null,system,ci6hxsmd0cxyhvuexu7mddr8,lt14e6ft2302z7uymwnyp373,,
sjey4c2jm9f67n0c8h4y03gb,PriestSkill,0,2,2,杖击,null,system,ufpexw2d4uk4vpvb5js2j8bd,,,
wkt1xjwika10gjbihtd32515,PriestSkill,1,2,2,驱魔,null,system,epqewd4ttax08n31wzrfsvp8,vyodbzn2wnw05mhttnna70xk,,
t41gaajlcay8v8jmoi8j3cji,PriestSkill,2,2,2,神圣之书,null,system,nxnv8qn1a56xm0xtvfk8mxk5,wkt1xjwika10gjbihtd32515,,
kr9b5apirj0p3kds8uppyzxi,PriestSkill,3,2,2,复仇女神,null,system,xe14genkp0kye4a111qbpxr9,t41gaajlcay8v8jmoi8j3cji,,
b915jcpsvqwt36rmnq8fur7h,PriestSkill,4,0,0,神圣教导,null,system,fwtq3496pbkdt6gg32rtibe5,s8uly6ctz4ot8rc6aivqtax1,,
ys1fpjzvbaw4lpev90wr9w9y,PriestSkill,4,1,1,阿斯庇斯之灵,null,system,u5yq3uftg4f2lntq8kh6720u,l6tjj0qgmspm3x18v5t8jnnu,,
g2hl9f09fjfq6oe2yfr22hl3,PriestSkill,4,2,2,神圣恩惠,null,system,sdiwwt34dd4dbgsanxecyq8y,kr9b5apirj0p3kds8uppyzxi,,
wefo5xe4mlocgihrmm0la41x,AssassinSkill,1,0,0,暗杀突刺,null,system,ooar0847hc1zoehbl4ab9c0r,,,
da1sgnk20ptjwi71uy1d38di,AssassinSkill,2,0,0,急速后闪,null,system,fhtz78nmhrevdrjve6i0myvh,wefo5xe4mlocgihrmm0la41x,,
lbabfsavjc0wh2403b5jeybr,AssassinSkill,3,0,0,死亡绽放,null,system,ec71d908uj4jwxii0vmhyv9y,da1sgnk20ptjwi71uy1d38di,,
hlqbmemx5cxua1i5ve2tucxf,AssassinSkill,0,0,0,刺客杀招,null,system,dltuy81zhonlt2r08wokffsl,da1sgnk20ptjwi71uy1d38di,,
o08job9011p0rek6julonfq5,AssassinSkill,0,1,1,迅影回避,null,system,gqix3fth016ati6lfw5q7k8y,,,
hsf7yxivbs8pzjjbow9p0z94,AssassinSkill,1,1,1,血清注射,null,system,ln1c0yf3wsxzmmkuwn74v9a2,o08job9011p0rek6julonfq5,,
spsqrcmuwg2x641xwnxry5us,AssassinSkill,2,1,1,看破,null,system,ug22hv178ahol0vtycxfqlw4,hsf7yxivbs8pzjjbow9p0z94,,
xg5cntm00jrz67b6hjr0nmk0,AssassinSkill,3,1,1,暗影步伐,null,system,nss3oypajdr89cd991tk6oyp,spsqrcmuwg2x641xwnxry5us,,
p06m39hoxj9w0um9vxu052fv,AssassinSkill,0,2,2,毒液注入,null,system,rg0gyrvipgrdvas005g974mm,,,
iurgcs1qq6bn1q18z1gee5el,AssassinSkill,1,2,2,腐蝕性猛毒,null,system,v8r3kmaxaigvkr8z8sgnmba6,p06m39hoxj9w0um9vxu052fv,,
aiw9nl92iyv4nb63rni4u8dx,AssassinSkill,2,2,2,毒液抢夺,null,system,hmtjvwugi5sjg8etynx0za4n,iurgcs1qq6bn1q18z1gee5el,,
f9sz9tthd7d6430q2lml3ig7,AssassinSkill,3,2,2,死亡欢宴,null,system,mi5q2tnffz6dysp3ubwksetw,aiw9nl92iyv4nb63rni4u8dx,,
qsrd970pwfalftr8lh2equy4,AssassinSkill,4,0,0,暗杀之真髓,null,system,bxirtb7dfcykai1p72aii7i6,lbabfsavjc0wh2403b5jeybr,,
ttuf4fsx56wz9zqfv4lv3w0z,AssassinSkill,4,1,1,猛袭追击,null,system,fdlne10rah7zapocoosvbn4m,xg5cntm00jrz67b6hjr0nmk0,,
ozaof8y1vmpva28lkw8v15at,AssassinSkill,4,2,2,毒药师,null,system,pqxu6d0mrhze383jyf7icmw8,f9sz9tthd7d6430q2lml3ig7,,
qqlef0zhji725hv7ztek7is9,WizardSkill,1,0,0,使魔,null,system,s2txk08v79b94cz1nl3muap0,,,
sgdg9ghhzhndy9hvjizaci95,WizardSkill,0,0,0,闪电术,null,system,oj7p82snk4j60y8vls6lynfa,qqlef0zhji725hv7ztek7is9,,
l8ezob6nxe0x6rtjs8wd67om,WizardSkill,2,0,0,暴风雪,null,system,v67u0kd5cdbonwj2l16ry2pw,qqlef0zhji725hv7ztek7is9,,
dxqhunfeg2y31pz2tfvnkbbm,WizardSkill,3,0,0,流星轰炸,null,system,koffbdtiock5bsjp68n3d0e9,l8ezob6nxe0x6rtjs8wd67om,,
bo69q4pw4ydf33a3raewtlxh,WizardSkill,4,0,0,帝王之光,null,system,rjxxfs2133mqzu3lipjmsru7,dxqhunfeg2y31pz2tfvnkbbm,,
ncnvfknesiataawk36bltt14,WizardSkill,1,1,1,魔力水晶,null,system,td1vilzqby86z2ht34zhbac8,qqlef0zhji725hv7ztek7is9,,
tw8tp4iiy4f5ojs8v96kv0ki,WizardSkill,2,1,1,石肤术,null,system,wqhrapqoispp1iayxrkjulii,ncnvfknesiataawk36bltt14,,
n4as5wko3jd2puwpl5vvvgov,WizardSkill,3,1,1,高阶使魔,null,system,efyvnys69uoiwrhvvgeje5ma,tw8tp4iiy4f5ojs8v96kv0ki,,
nu67ozah0j4nv6ux5ufz0i97,WizardSkill,0,2,2,咏唱要领,null,system,n6rp18sg4st15ta6tmmj2s3s,,,
wrmax6mad7za6ursnemfd25n,WizardSkill,1,2,2,水晶镭射,null,system,pd128eprl5kr62d44dddbdga,ncnvfknesiataawk36bltt14,,
yy7kg9bpms54oqltvaq0u9bv,WizardSkill,2,2,2,超限,null,system,no1pp074d30vuejs2r31z4ht,wrmax6mad7za6ursnemfd25n,,
m9m86fb69awaz6i5vwpvwu3w,WizardSkill,3,2,2,魔术向导,null,system,zesqpedyb3s2dkwuvo9foby7,yy7kg9bpms54oqltvaq0u9bv,,
ekfx9r9wo6k1ibu5bipq7v8r,WizardSkill,0,1,1,魔术研究,null,system,ff6q9y2cuwxn3402lvqy4e4j,bo69q4pw4ydf33a3raewtlxh,,
k0folcaudyaupg73gh5v8ho7,WizardSkill,4,1,1,猫咪的掉落物,null,system,b7dfe4ijdhsvh2uopd1412cn,n4as5wko3jd2puwpl5vvvgov,,
waylf0t67z1xrkndg71153ab,WizardSkill,4,2,2,次元挪移,null,system,knptkjq6k4t9me527so8zamq,m9m86fb69awaz6i5vwpvwu3w,,
i2itbs7hocp9to0xkftxkj3o,SupportSkill,4,0,0,急救,null,system,r6mogz2s3ehm8nr19e4jcur5,,,
yzhu4m669qj09c64ebj68w1s,SupportSkill,0,0,0,治愈术,null,system,emyspp2iwc7coxgrkmy8p0xt,,,
e9ye4ckchfmumvb2n0allple,SupportSkill,1,0,0,异常抗体,null,system,mk70rwcfno3qrarrdks1e6e6,yzhu4m669qj09c64ebj68w1s,,
w9g6dkjdjkvu9i0k79d9lr92,SupportSkill,2,0,0,圣域,null,system,ty6ndje5m4wph1kae9nerizt,e9ye4ckchfmumvb2n0allple,,
vkmyup1u2c4rh97k07ilmvpf,SupportSkill,3,0,0,愈合,null,system,r9ifnchroyyc5r0lvcikkxfo,w9g6dkjdjkvu9i0k79d9lr92,,
ezw6etlt9at7gvasurkh1pcv,SupportSkill,0,1,1,生命能源,null,system,r1ua8z9fftacrjw15qljt4kl,,,
df9yxn7r4xjtoi7skh68cx64,SupportSkill,1,1,1,勇气泉源,null,system,akad72tomgez7ux3jvcnp70f,ezw6etlt9at7gvasurkh1pcv,,
y2xwegajkpzdes7bu0jnxerq,SupportSkill,2,1,1,高速咏唱,null,system,finowvyalmecypucwxq3n10p,df9yxn7r4xjtoi7skh68cx64,,
i9gl2hhmbsdak9p0ji4ezzb0,SupportSkill,3,1,1,高速行动,null,system,e16piu2wycreqesbleiw9dnm,y2xwegajkpzdes7bu0jnxerq,,
sjp3rrs72rdv63x7qwyygm26,SupportSkill,4,1,1,魔力能源,null,system,h0qj63xw25thp861xw6ygn7z,,,
vyjojwvicofg3r78hpxns3ys,SupportSkill,0,2,2,魔法防护,null,system,rck790ttwoupi1vywkpdow4a,sjp3rrs72rdv63x7qwyygm26,,
eobjezgm7o8bec46cnlv71qt,SupportSkill,1,2,2,异常防护,null,system,c7yk4ldtv9irc97jri8vwtpz,vyjojwvicofg3r78hpxns3ys,,
l7vshtysp0srk829qkp50bdj,SupportSkill,2,2,2,神速反应,null,system,vxwmhxga5hd8g9r0hho2oqcr,eobjezgm7o8bec46cnlv71qt,,
c6h5o66i40bvf0x3h3ojmuvo,BattleSkill,0,0,0,提升魔力,null,system,l1ntrmqqpv705028c6f4rtxz,,,
p6obue9ti2xotu28j969ukpo,BattleSkill,1,0,0,专注,null,system,tiupwhkq63x3gwwelmdhh64b,c6h5o66i40bvf0x3h3ojmuvo,,
bmjwuupzjyv3duncvvdfn3d4,BattleSkill,2,0,0,頑强抵抗,null,system,cpnz3rzxa8y4ol1tako0tmsi,p6obue9ti2xotu28j969ukpo,,
tgx0iunucoc4whlgcxf70wgd,BattleSkill,3,0,0,魔力增幅,null,system,l1qfjmzf8fjgmxtc8l68d86p,bmjwuupzjyv3duncvvdfn3d4,,
bl0yecjgjnumgyrlkbe37026,BattleSkill,4,0,0,分段爆裂,null,system,vi067zwmoa1avl7iekrqkcr7,tgx0iunucoc4whlgcxf70wgd,,
jc770bdiqmj9vpp871ewo1f3,BattleSkill,0,1,1,提升攻击力,null,system,l1w4vzerb8d7yxs7iyxib8am,,,
cwmvthzsxdrharxu7i2dru9q,BattleSkill,1,1,1,强打,null,system,t1q066qzwnvxq9za40m6irgs,jc770bdiqmj9vpp871ewo1f3,,
um6s3wfd0a04r889a0omgqt8,BattleSkill,2,1,1,提升暴击率,null,system,jc8mmcf8oh9gq6gbiakax9aa,cwmvthzsxdrharxu7i2dru9q,,
m9tb394bw027ac0m34amimsz,BattleSkill,3,1,1,威吓之力,null,system,jt1dgtc25f3dpldmua1fljnn,um6s3wfd0a04r889a0omgqt8,,
wsqbxna3o0iccylrf8b1y0se,BattleSkill,4,1,1,追击之真髓,null,system,ppc3apm5iby1twnhv57arj2q,m9tb394bw027ac0m34amimsz,,
gz22ejb6edmdydc57kz17lvu,BattleSkill,0,2,2,提升防御力,null,system,fg6882m83z3yz0tat5gxfth3,,,
xsz3ci7bu1wdknybwbaqv3a6,BattleSkill,1,2,2,提升回避率,null,system,abz9di4fpogw2vr6kfxbe27b,gz22ejb6edmdydc57kz17lvu,,
vak24awihmfblw5bw2xov519,BattleSkill,2,2,2,提升命中率,null,system,wwnut3cihh9av7bwb182crg5,xsz3ci7bu1wdknybwbaqv3a6,,
r517mrdnogtznebkxnyyx3u8,BattleSkill,3,2,2,守护要诀,null,system,b406poqq27kzrowkzc2x07w2,vak24awihmfblw5bw2xov519,,
s74hmieirdmmsipgfscbn9fj,BattleSkill,4,2,2,超凡掌握,null,system,hvpec2q1taex56ot9v9if8yd,r517mrdnogtznebkxnyyx3u8,,
v1iti5i0np1d2ui9xe4zbxg1,SurvivalSkill,1,0,0,装死,null,system,k39amdz72aexhcc2oq9mzadv,,,
hjfawdwm6zhip13acgj98gux,SurvivalSkill,4,0,0,经验值提升,null,system,i136hhj92g0s6ly50t5hfpfu,,,
mbyhuf8peiizb4leydith55f,SurvivalSkill,2,1,1,掉宝率提升,null,system,atjzwzzrmasdh6cbntiugui3,,,
p6i5jzta9asavu3epdl7wgsz,SurvivalSkill,2,0,0,安心休息,null,system,h4pymcvwlvi0bmagbh02uqis,,,
zoymrmjmy9u09eqtw6qxsn23,SurvivalSkill,0,0,0,HP突破,null,system,j5hn7mx8b5m0cpbwomy32xqp,p6i5jzta9asavu3epdl7wgsz,,
v6fv2v0salj24p7jaeo3p9vh,SurvivalSkill,3,0,0,游刃有余,null,system,ikqro8wrf3n9ennxfydhi253,p6i5jzta9asavu3epdl7wgsz,,
mupg8d9bpwdzs8pdmlfk7n4g,SurvivalSkill,0,1,1,喘一口气,null,system,ucrwgqcrevijboepgin2o0ub,,,
it5tal1xr4gh3xnc2mwxpf9b,SurvivalSkill,1,1,1,MP突破,null,system,z5ck6y4p0x8s1uadycc74t2b,mupg8d9bpwdzs8pdmlfk7n4g,,
vqmh2qiqx34hy9o7nacesakc,SurvivalSkill,3,1,1,沉著以对,null,system,mnovmgzrp47ujakb5srubrra,mupg8d9bpwdzs8pdmlfk7n4g,,
l7kj54u02zeg83uq5o7tnerw,SmithSkill,1,1,1,精炼装备,null,system,f02d4pkkipr93l8u486nzgty,,,
wmcyqhbo1qn99y1yfs4eg30n,SmithSkill,0,0,0,自身的铁砧,null,system,rzcgtyggde2h86ewi0ll0wn2,l7kj54u02zeg83uq5o7tnerw,,
htenqcoy5o765p6cjz3wrl0y,SmithSkill,1,0,0,专家的铁砧,null,system,j5il26r76sv9p32kek966btp,wmcyqhbo1qn99y1yfs4eg30n,,
xhouao44wpuypq81xoqmtd7f,SmithSkill,2,0,0,铁匠鋪的铁砧,null,system,rxam597n3qb2i85n6awrlnv5,htenqcoy5o765p6cjz3wrl0y,,
lg6x48lns7oax5izppu5nqzu,SmithSkill,3,0,0,大师的铁砧,null,system,kwryobt320c6jfsquuf2vaj2,xhouao44wpuypq81xoqmtd7f,,
wrvi653ksqk87pjnge8j5jgq,SmithSkill,4,0,0,大师的铁砧II,null,system,m18lrrrmu2brahktggyyhjo9,lg6x48lns7oax5izppu5nqzu,,
k6hfr5da9duz2vp3mybx5ug4,SmithSkill,2,1,1,中级精炼技术,null,system,sq92u6qkp968nhlpmi95c5wr,l7kj54u02zeg83uq5o7tnerw,,
jff8c5vk6pm6gtwnb1ws86pf,SmithSkill,3,1,1,高级精炼技术,null,system,wylw2tqklqggi3zmsgkx8bsw,k6hfr5da9duz2vp3mybx5ug4,,
mxhfdz4rpb89kyzwbu5cu8ss,SmithSkill,4,1,1,大师级精炼技术,null,system,ro59onhz8e6ufppoy1n6xjp9,jff8c5vk6pm6gtwnb1ws86pf,,
tifhyf6m4rop5l9mo2iouq8h,SmithSkill,1,2,2,制作装备,null,system,bpfk7pa4ovha0mvqa55phb7z,l7kj54u02zeg83uq5o7tnerw,,
oxlg2ek98j40r211p1577md9,SmithSkill,2,2,2,精心打造,null,system,rtuzhzpywshieia1s2ibekxf,tifhyf6m4rop5l9mo2iouq8h,,
i6m5qwm8tuiafyb3oopr4cie,SmithSkill,3,2,2,大师级制作技术,null,system,sv7urggjg9r47p961i3mlsbt,oxlg2ek98j40r211p1577md9,,
e5ql7qtaia9kng6wo5d8nvmk,SmithSkill,1,3,3,强化装备,null,system,lsk5yenppdttmm1qmcvde0bh,tifhyf6m4rop5l9mo2iouq8h,,
eiyknarxye4cszr82fd4mo51,SmithSkill,2,3,3,正确的强化,null,system,mu551ljy0ropkvl0bttz7rwx,e5ql7qtaia9kng6wo5d8nvmk,,
gnj60a93til4txvyhsfjvq7o,SmithSkill,3,3,3,大师级强化技术,null,system,mydzb3tvbgvvi30zas2h7rnj,eiyknarxye4cszr82fd4mo51,,
pgmfvk3uh286x5zxky238ojd,SmithSkill,4,3,3,大师级强化技术II,null,system,ygfwxvok1uu0lpnrur7zmtek,gnj60a93til4txvyhsfjvq7o,,
ivz3nrk4n5a9l792hnmxa803,SmithSkill,0,3,3,素材加工,null,system,pa9oros4b9rgv18jmt9z4lui,,,
ufj2zkk3rsuindkalp219bch,SmithSkill,0,1,1,理解金属,null,system,wwkm6ed3cmbx5yqjpd3xekva,,,
wtud7hgn8gan6p1vc910cj7v,SmithSkill,0,2,2,理解布料,null,system,tx967sq8xwyxi3luvnzitagz,,,
ow2peog3niy19ettpwtmubyi,SmithSkill,4,2,2,理解兽品,null,system,zptgs6x5dkqebrmjmwe57e32,,,
tunw19fpk6t6c3xv6nitskgp,SmithSkill,0,4,4,理解木材,null,system,vw2tmwgv192wor1gfy4g85ao,,,
iv1pyd05pv950s36qt4vp2ie,SmithSkill,1,4,4,理解药品,null,system,c8qvqa4x2fvn4qycfp9o1yiu,,,
l808w5wasnkg22ezttzlf5mz,SmithSkill,2,4,4,理解魔素,null,system,nffypzxz6nu3iul3wbwkbipt,,,
j5fnouj5eex0fd2negkn9wp9,AlchemySkill,0,1,1,合成道具,null,system,xvt7yshqw8lkczlev6rx9iu2,,,
gyw1jdj72uph5drbjg6ggawn,AlchemySkill,0,0,0,新手的药瓶,null,system,gwgq1v46s08t9uut20rejfd8,j5fnouj5eex0fd2negkn9wp9,,
n8i2n8bp304u1q97gpn6jso1,AlchemySkill,1,0,0,专家的药瓶,null,system,x3gg3d0xdgfqqwn85lwwg3b8,gyw1jdj72uph5drbjg6ggawn,,
erq6gy3bbdsut29y84qarmfw,AlchemySkill,2,0,0,合成所的药瓶,null,system,kbqpm0qs5utei6i9veubwxxu,n8i2n8bp304u1q97gpn6jso1,,
kg9yjil3vef4kuzz67gqtmue,AlchemySkill,3,0,0,大师的药瓶,null,system,nkz61v77mzmv1wrhfttj5b50,erq6gy3bbdsut29y84qarmfw,,
z1sah30xs7ldi5hp08mdvb2b,AlchemySkill,4,0,0,大师的药瓶II,null,system,xfnu9855p9kx1u49ekwu5d3y,kg9yjil3vef4kuzz67gqtmue,,
kjt76n6qarzkw5k6nt92qrmg,AlchemySkill,1,1,1,中级合成术,null,system,vy99bowrpp14bdsc7ybbau19,j5fnouj5eex0fd2negkn9wp9,,
wy6p7zpmcmjbndel2oay35qm,AlchemySkill,2,1,1,高级合成术,null,system,daz9qdfgnkahjgm5d0s35am5,kjt76n6qarzkw5k6nt92qrmg,,
a9lap1hkwv7o43y7rg59bz73,AlchemySkill,3,1,1,大师级合成术,null,system,h7ptd4lm7bk5fp1zak65ud8x,wy6p7zpmcmjbndel2oay35qm,,
dnll19itkyqry8ro2rph1u06,AlchemySkill,4,1,1,大师级合成术II,null,system,auwd2enrrc4mysfou56laot3,a9lap1hkwv7o43y7rg59bz73,,
amim3i52dahi4iwhv20khgwg,AlchemySkill,0,2,2,素材加工,null,system,acbe7gc087cdde2prf160gyg,,,
xnkpfakzfqo94y3hy8lb6o90,AlchemySkill,1,2,2,合成装备,null,system,wibzjmdh45jdv6fb4t8tv9q6,j5fnouj5eex0fd2negkn9wp9,,
iagfdvhj0op2v13pb2hna995,AlchemySkill,2,2,2,合成技术加强I,null,system,fv8nvifce0cmeql2b7gv8hq0,xnkpfakzfqo94y3hy8lb6o90,,
ly4jt0i3ahnkfcyn4nj058q1,AlchemySkill,3,2,2,合成技术加强II,null,system,utscxo1p6b87u3er19uf67pi,iagfdvhj0op2v13pb2hna995,,
d6vxcspx8mcugqyo3h971ezi,AlchemySkill,4,2,2,合成技术加强III,null,system,fddrq3ok66hhtbrcb9xd9dwr,ly4jt0i3ahnkfcyn4nj058q1,,
rhnc6cdl8rt9rq0xyljohwgv,TamerSkill,0,0,0,捕获,null,system,y4ump3finxzv958p7vu3wuew,,,
xa7p3e6ngo4fsei16ogzx6vj,TamerSkill,1,0,0,捕获技术Ⅰ,null,system,m4l2gyrbnpw0omyeykqekzhy,rhnc6cdl8rt9rq0xyljohwgv,,
pl7movxda2zt1jo9jx6av4ir,TamerSkill,2,0,0,捕获技术Ⅱ,null,system,cmmon5yiymqjnc1zk6etww9l,xa7p3e6ngo4fsei16ogzx6vj,,
degu3umll966pd3n7xlcc90u,TamerSkill,3,0,0,捕捉好手,null,system,plwzzq9syiymxfzrro69z5k2,rhnc6cdl8rt9rq0xyljohwgv,,
kiaev2afrtkwmbhuelimtz2v,TamerSkill,4,0,0,慎重捉拿,null,system,jkri95vzvhm6gwzskyigsy2l,degu3umll966pd3n7xlcc90u,,
u9rwpko030d4u02upf1da39m,TamerSkill,0,1,1,治疗宠物,null,system,pzhl900op4elc6fr6fc02dw2,rhnc6cdl8rt9rq0xyljohwgv,,
hggfm8tktg6jixbibck1gl1y,TamerSkill,1,1,1,充电宠物,null,system,hyhyobl0sz2068h2gjw1oo2x,u9rwpko030d4u02upf1da39m,,
z6gac3m8z63q144ab13zk54s,DarkPowerSkill,0,0,0,血咬,null,system,pjnzlq2q5xtn0zxhoheyj4qh,,,
sbwmpo2xhw58rzlcn5ekpfko,DarkPowerSkill,1,0,0,暗魔钻刺,null,system,sykub8a8o163ykkrgre8ipsx,z6gac3m8z63q144ab13zk54s,,
lupnq2zi7cp9xxjiwwwvo9ag,DarkPowerSkill,2,0,0,腥红血泪,null,system,bqifmrtic11kx7i9dzgvd7k6,sbwmpo2xhw58rzlcn5ekpfko,,
zfjjdphb63gi49mtwcq0y9pp,DarkPowerSkill,4,0,0,献祭,null,system,b7cvxi8mcemtzr3759qtdcl5,,,
q17yq4tity8mh4jax0lgyr0z,DarkPowerSkill,0,1,1,恶魔狂爪,null,system,ou6ixhm8bzjiwe55v8h2zdys,zfjjdphb63gi49mtwcq0y9pp,,
rf8v5pl89q2g7f0ruf5gok8n,DarkPowerSkill,1,1,1,无悔杀意,null,system,ax2nqpha0vrcs9m0szjkzj6e,q17yq4tity8mh4jax0lgyr0z,,
pxqbqvq092k59j3b04vueaun,DarkPowerSkill,3,0,0,猎魂,null,system,z9v4p0rl21kwka02ly798nsy,lupnq2zi7cp9xxjiwwwvo9ag,,
a6dhk7y2446kg3gxo35qg4e4,DarkPowerSkill,2,1,1,永恒噩梦,null,system,e4crm8d4l842qg7npjpzkscl,rf8v5pl89q2g7f0ruf5gok8n,,
o255acn04dz08dpad7qtv974,DarkPowerSkill,3,1,1,威压魔眼,null,system,jkaaryr4eotbjunx7rx7wd0i,,,
wfep0kwdkzajpow2fjgj58vm,DarkPowerSkill,4,1,1,魅惑魔眼,null,system,f572vxdmvqfh3zfiqgddh91f,o255acn04dz08dpad7qtv974,,
qsq9ixbpdxsowc13jmhauks1,DarkPowerSkill,0,2,2,黑炎魔眼,null,system,cbw0jr50zd3jgxoibhp0j3hy,wfep0kwdkzajpow2fjgj58vm,,
obq0f84l7dcju8t93ilksprx,DarkPowerSkill,1,2,2,混沌魔眼,null,system,x557v2mk65qrsx9qphu9bvay,qsq9ixbpdxsowc13jmhauks1,,
zbyq5lfbc5ndjlb7bfp6vnce,MagicBladeSkill,0,0,0,魔法战士的要诀,null,system,wbixiabvoo8o3ymo1t4tne7s,,,
v0e5r73s4x9lbhh5f2b5xvj3,MagicBladeSkill,1,0,0,转化,null,system,tdpt3mb4x7k7czus1hxah7xi,zbyq5lfbc5ndjlb7bfp6vnce,,
nav72s0pqsgjnu2j9inuj0aw,MagicBladeSkill,2,0,0,魔力共鸣,null,system,at9gagt06j91bzst2ne886jq,v0e5r73s4x9lbhh5f2b5xvj3,,
tj9f27p30iind0q3amazl8bq,MagicBladeSkill,0,1,1,空灵闪焰,null,system,dl00szpg65lqr3y5e6v3ep00,,,
cqfu428zq0241pm9imzicuml,MagicBladeSkill,1,1,1,元素斩劈,null,system,l0ziufm29t2uumdjb1uxkfyz,tj9f27p30iind0q3amazl8bq,,
toudeibhsfmkrygkq78k9qei,MagicBladeSkill,2,1,1,附魔剑击,null,system,zexkzq0q3dkmolgok4wa08dd,cqfu428zq0241pm9imzicuml,,
jppbo6q5e5zjyxm1ap5xrkf4,MagicBladeSkill,3,0,0,附魔之咒,null,system,gu7ddyttjyxyi1bnr8h6xe85,nav72s0pqsgjnu2j9inuj0aw,,
ftvnwiix2d40u9xfa1i35xz7,MagicBladeSkill,3,1,1,附魔爆发,null,system,numh8wwpxzgmsqkgx20valj1,toudeibhsfmkrygkq78k9qei,,
azo38onb5p6rclyqx9gwqzio,MagicBladeSkill,0,2,2,流转屏障,null,system,cvilkq70r3pyv05whsgnthn8,,,
kz3h9ayeac11vbms66ng01xn,MagicBladeSkill,1,2,2,传送,null,system,m5dan8662zdzio8a9dr1dbcm,azo38onb5p6rclyqx9gwqzio,,
xkwpuohs297hxjhkle7euu5s,MagicBladeSkill,2,2,2,流转召回,null,system,nopga3tyrdhb39usfkxfnxxg,kz3h9ayeac11vbms66ng01xn,,
qabwn6in85zae2ar667ut9by,MagicBladeSkill,3,2,2,飘浮冲刺,null,system,dbr7ckyxlek36ah41yo4tsjw,xkwpuohs297hxjhkle7euu5s,,
bk8x80eznjyty280xh97c9ff,MagicBladeSkill,4,0,0,双重提供,null,system,e8c11d7mf8sk63c3eentlmjc,jppbo6q5e5zjyxm1ap5xrkf4,,
sb3dp67dd1dgasqwy3nw7bjs,MagicBladeSkill,4,1,1,联合巨剑,null,system,c4cu0wz7q8v2ndl9ku7qe1n0,ftvnwiix2d40u9xfa1i35xz7,,
hfdfhkvpd45apg8afxjemcfm,MagicBladeSkill,4,2,2,魔法膜,null,system,q4wifcg3am0xlmahmoom0va4,qabwn6in85zae2ar667ut9by,,
at8x3j2blhij91rd3ze683yk,DancerSkill,0,0,0,妖精之舞,null,system,znp4d1oagz184x6zsudnki06,,,
m3blmvqewqx87fq7wfp92j9u,DancerSkill,1,0,0,激情之舞,null,system,htmstjzci5tkdc5l3fy9gxkv,at8x3j2blhij91rd3ze683yk,,
ioxx9ewyiuk4484dp0xe4gn1,DancerSkill,2,0,0,敏捷之舞,null,system,uo68v7enk4y8rmcu7gdlbg5x,m3blmvqewqx87fq7wfp92j9u,,
qzvcgh6yt2r9hluc9c8iwuta,DancerSkill,3,0,0,魅惑之舞,null,system,llys2hx6q4mxztosot0xsb61,ioxx9ewyiuk4484dp0xe4gn1,,
x5ckad5osmzqfzccrnm3qwmm,DancerSkill,4,0,0,援助之舞,null,system,vrb9efxzvtwvwlkhstrqkx7s,at8x3j2blhij91rd3ze683yk,,
lky00155uw0519uptsktvjg4,DancerSkill,0,1,1,优雅架势,null,system,e8f366ot5qjaw47clp33vt7c,,,
crnhic8csl4uguo3dv0koj5f,DancerSkill,1,1,1,风花雪月,null,system,nly6rhpbuws3z1rajxqa6jul,lky00155uw0519uptsktvjg4,,
npqjdy90653n5siz3c3tzcr1,MinstrelSkill,1,0,0,治愈之歌,null,system,uxtiwlu2r3b76yel8p8po6cz,,,
za50hvbehrtxldk9hco7ih0a,MinstrelSkill,2,0,0,妖精之歌,null,system,hwdlzpmq3p6gojwruddjfui8,npqjdy90653n5siz3c3tzcr1,,
g93b4jb372h7xq1r1esrz3bt,MinstrelSkill,0,0,0,热情之歌,null,system,s60u8ofu5r5n01kahyjzaips,za50hvbehrtxldk9hco7ih0a,,
t1tfbszivadff51a0984gglg,MinstrelSkill,3,0,0,智悟之歌,null,system,ycgqtja5lgpfnwh4hdadvzse,za50hvbehrtxldk9hco7ih0a,,
z02fmcbauef7ztu9lky9d9nm,MinstrelSkill,0,1,1,生命之歌,null,system,uir765szn7tp3510krojj0x5,npqjdy90653n5siz3c3tzcr1,,
gqorirt068fuh01s883tzql2,MinstrelSkill,4,0,0,梦幻之歌,null,system,r23wephzdixpjoa7uz36dlvc,z02fmcbauef7ztu9lky9d9nm,,
uho8gq6yl4mumss1tgn3l5bo,MinstrelSkill,4,1,1,即兴演出,null,system,ib9ggk696b1df12fdgeup0nw,,,
ac25z3bcwp3aa0lx36wh77f7,MinstrelSkill,1,1,1,声音之幕,null,system,pcpnfi8uhqf01dtzdh372w5p,wxjxjxkgffdeoma1kt3weup7,,
wxjxjxkgffdeoma1kt3weup7,MinstrelSkill,2,1,1,节奏冲击,null,system,lkbihbubvxwbpikqbocro6qx,z02fmcbauef7ztu9lky9d9nm,,
b9q3ry4uxjsb3m0sal7ymgic,MinstrelSkill,3,1,1,战斗乐谱,null,system,pf37h70ykoq1fu1dzzc39dps,wxjxjxkgffdeoma1kt3weup7,,
q1u0faqyqye6zn4phi3za801,BareHandSkill,0,0,0,徒手战斗要领,null,system,qhrtpbyr0aq0yqajn2p7ohy8,,,
s22qu6q9fhwmqxwfa8qa6mja,BareHandSkill,4,0,0,聚气功,null,system,ycq0rm98c3atkg8lzgah6oma,,,
oguxgqzldcz38f8wwz3s320w,BareHandSkill,1,0,0,狮子奋迅,null,system,n3y0z4kn7u73cyncpaqbjzlc,s22qu6q9fhwmqxwfa8qa6mja,,
ks6cdnwhz5sm2yh9awgcn74r,BareHandSkill,0,1,1,疾风怒涛,null,system,xnqe0tsdr758fs8srbplkspq,s22qu6q9fhwmqxwfa8qa6mja,,
y1e02wz29y20fgrqap8p75dv,BareHandSkill,2,1,1,回复气功,null,system,snecjeb5vdn36fa2omyenlgp,s22qu6q9fhwmqxwfa8qa6mja,,
ymv2lc3vrwh27ixvpoj781qe,BareHandSkill,2,0,0,狮子奋迅．极,null,system,cbhf9q87t2q1k6a5vqb9tw54,oguxgqzldcz38f8wwz3s320w,,
saumvrhvecuug8ia6sblla8c,BareHandSkill,1,1,1,疾风怒涛．极,null,system,ml4kw9a0treelek5j4qwuu8t,ks6cdnwhz5sm2yh9awgcn74r,,
o1xnukup52006gehggf6qtra,BareHandSkill,3,1,1,斗志冲撞,null,system,aauqvvjfelsg1c79uijla1qs,y1e02wz29y20fgrqap8p75dv,,
nafd9o2p278bx6o8ioss1qe9,BareHandSkill,0,2,2,聚气功．极,null,system,fktlc1r2jb78kox1epy1ezom,s22qu6q9fhwmqxwfa8qa6mja,,
z4edvw31tyli06p3bg6okzbw,BareHandSkill,3,0,0,惊天动地,null,system,bnvmb1qd5h476yjzlfeeiwxc,,,
w2u4opmioplj4p19biyyc776,BareHandSkill,4,1,1,起死回生,null,system,alpz820kwjulfcigni8oqx95,o1xnukup52006gehggf6qtra,,
rhunvzxkyzr26cqnyzrg2dmf,BareHandSkill,1,2,2,自我韬晦,null,system,wkrbmn6zo7tkv5kbrryz1kn4,nafd9o2p278bx6o8ioss1qe9,,
x9tc5seh5gqdnznjteuhkv4r,NinjaSkill,0,0,0,忍术,null,system,wyd4fl3hhs0ebktptuh4g0z0,,,
iaa779l9ni43ylv7gtoekzwj,NinjaSkill,1,0,0,忍道,null,system,ew0ih9q0e58g4beve2ve2527,x9tc5seh5gqdnznjteuhkv4r,,
yv70u0b9rva0ypyzi3ylqfz6,NinjaSkill,2,0,0,忍术锻炼Ⅰ,null,system,hzfw7ah7xgpe61hq3rura68u,x9tc5seh5gqdnznjteuhkv4r,,
li0jwfrodvjk9s6955ij2ek0,NinjaSkill,3,0,0,忍术锻炼Ⅱ,null,system,jh3n52s0hrm4nbdf8x971y4o,yv70u0b9rva0ypyzi3ylqfz6,,
j8a64da3iuq1uw2xir410g6t,PartisanSkill,0,0,0,L回旋鏢,null,system,j07618ab4e8p68vnec33iu55,,,
cuk0srsbjr4tyqbeaw74z1zb,PartisanSkill,1,0,0,L回旋鏢II,null,system,nkdq4iklw0a0kxyecny0c1iw,j8a64da3iuq1uw2xir410g6t,,
g7jc8w9a42qzmr24pfdeuabg,PartisanSkill,2,0,0,L回旋鏢III,null,system,mcg3q45gw662rnrwjby4hmmw,cuk0srsbjr4tyqbeaw74z1zb,,
w2rk73x19d5dldxg5rcna318,PartisanSkill,3,0,0,N龙牙击,null,system,j4txridu23lk6ebatg51fo06,,,
ixpp7k8z9fwn70cssyt74v7v,PartisanSkill,4,0,0,疗伤射击,null,system,wl84rgvumxxpvqa56xvvvrye,,,
leyuwfhp618rqowzcs89fine,PartisanSkill,0,1,1,磨箭,null,system,rkb243ljke8rragzav8geibd,ixpp7k8z9fwn70cssyt74v7v,,
btsggv97qp0kkpn0nexrztia,PartisanSkill,1,1,1,生存本能,null,system,s5wgccgbnjggw6ywdbuq4lfu,leyuwfhp618rqowzcs89fine,,
jz19rzddwzjlqqqddurs17r0,PartisanSkill,2,1,1,前线维持,null,system,was93idzxxpexnirqglvlot7,,,
gzgqw0bhdnij44jims7r2e33,PartisanSkill,3,1,1,前线维持II,null,system,c9s2dua171uatwjd7ojx2b9i,jz19rzddwzjlqqqddurs17r0,,
jqd6fnjqfujb4m99uxtr5uyj,NecromancerSkill,3,0,0,掘墓人,null,system,jf68d3bn4w7cuz77rq0bu7fj,,,
js7wb111y6xfn8vebzao7bhu,NecromancerSkill,0,0,0,幻灵飞弹,null,system,v13rinrp5fl71fme8ofwf5m3,jqd6fnjqfujb4m99uxtr5uyj,,
pxlc74vcjvvl9owobp0ylav2,NecromancerSkill,1,0,0,盗血,null,system,s265fcatrfuopyn3dgl98tov,js7wb111y6xfn8vebzao7bhu,,
nikoqffewpxhrnc115l44g91,NecromancerSkill,2,0,0,灵力流弹,null,system,ycxso5l2kq640m9epv062s4w,pxlc74vcjvvl9owobp0ylav2,,
oy3iton5wdjnrdu4kqggd910,NecromancerSkill,4,0,0,骸骨召喚,null,system,fsjfe0snkfhrqhegrum87ls6,jqd6fnjqfujb4m99uxtr5uyj,,
d0tul4gvj4z3ww7653bhh1nx,NecromancerSkill,0,1,1,恶魔召喚,null,system,x1dh3hefohz1d6a0zm14snwj,oy3iton5wdjnrdu4kqggd910,,
e1id2l50bl5y25rglk3zewc3,NecromancerSkill,1,1,1,优质产具,null,system,soeu5yy664w0umceeetd20x8,jqd6fnjqfujb4m99uxtr5uyj,,
g7nzb9tg61lxcc2gsv0j4drb,NecromancerSkill,2,1,1,收穫,null,system,qn6kuicxp0xpbbw00l6bjyyv,e1id2l50bl5y25rglk3zewc3,,
pwojzt6kjh48wqayx6pqrri3,NecromancerSkill,3,1,1,自产自銷,null,system,a658iye2rdejqnxqip5cl4yt,g7nzb9tg61lxcc2gsv0j4drb,,
hxfxy4lfpyfcp15seevq0y4t,NecromancerSkill,4,1,1,墓園,null,system,xgv2fv2p7ctsqc5woft5yox5,,,
rtuq5wo431y2vtxtwxigeq76,NecromancerSkill,0,2,2,头骨震荡,null,system,n8aekaf595hb5bus1ftzzk0o,hxfxy4lfpyfcp15seevq0y4t,,
v06jqaa6k9r5uentn6j89lu7,NecromancerSkill,1,2,2,危险震荡,null,system,gfztveednxzl437dp8sbo0us,rtuq5wo431y2vtxtwxigeq76,,
m87kcp20fi0pq27723a5dwbo,GolemSkill,2,0,0,召喚魔像,null,system,ksc7lmpe39m6086bbsm0rrjj,,,
raad6ieg9gh8m7txwdc0unb9,GolemSkill,0,0,0,枪兵型．改,null,system,c64shqwqbxbnqb5dwcyru6zx,m87kcp20fi0pq27723a5dwbo,,
d6etm3wi1f47i42pceato5pg,GolemSkill,1,0,0,强化攻击,null,system,gex6gp88488apjmlq3tau38x,raad6ieg9gh8m7txwdc0unb9,,
gadr81vt343iw2amvtpm6pmj,GolemSkill,3,0,0,盾兵型．改,null,system,xxgfchzhbaxh3uy53myb4sfv,m87kcp20fi0pq27723a5dwbo,,
s7mmevdelghnrhqnp2vfc7nh,GolemSkill,4,0,0,强化盾牌,null,system,jek0xvvfmbdrx1z7cgih64u7,gadr81vt343iw2amvtpm6pmj,,
qyeohf2vfrgkafbawz51flqj,GolemSkill,0,1,1,破坏者型．改,null,system,x5sgkrvh4qal792sz9bjtgw9,m87kcp20fi0pq27723a5dwbo,,
o6w4yhbvetm2b43pluyc1a04,GolemSkill,1,1,1,强化速度,null,system,ya2b7xmqs1lg8c1rl38z70da,qyeohf2vfrgkafbawz51flqj,,
er16rbucs1ar9y2mez14rqjp,GolemSkill,4,1,1,魔导手榴弹,null,system,r19ofz4lhm7zx2jtkkjya34a,,,
s0s2qn5o1ldmia5yc77ge4cz,GolemSkill,2,1,1,冰冻手榴弹,null,system,xo2dm7ctv0ieh5ajrdzc41v7,er16rbucs1ar9y2mez14rqjp,,
rao9ij82r1461b9oqlu9rh7l,GolemSkill,3,1,1,闪光手榴弹,null,system,fhc8q0bwyxrhoahe3fo9jap6,s0s2qn5o1ldmia5yc77ge4cz,,
tg6hybs1x24ee2befkec84et,PetSkill,0,0,0,破坏强袭,null,system,xsgqfwzqg6ufy4vofqlf3tpy,,,
wnu2ru2r3msbuinl29ozf4ls,PetSkill,1,0,0,HP高升,null,system,t3ta4xxgiywq80bg2tnrp6lp,,,
pu3m79awo1jn2ybvzli5ny7l,PetSkill,2,0,0,吸收MP,null,system,c83lczmr095q45w2dmoszdir,,,
qd1poie5qgbqvszxll5goh29,PetSkill,3,0,0,退隐藏身,null,system,vk2eye5xl5uk2y2nc1czupvu,,,
jjx4g1f81bdows1y2iy9yh66,PetSkill,4,0,0,魔力枪击,null,system,l4p3xzvhnrk0mrixfbzl60ra,,,
v2ex5ol5yp8lnymrvjc9h9ql,PetSkill,0,1,1,暴击高升,null,system,lxlm6aj8e9gccbf92iols6le,,,
xvkkueavfsg4ps4oe82gewxs,PetSkill,1,1,1,暴力重击,null,system,j7fuvtgjouvjl0ej1lwug7ck,,,
e5yx7h713qxd2zlelnsd8lo9,PetSkill,2,1,1,迷蹤奇袭,null,system,za78tx857evyyhmz4r5fe30r,,,
u2ya3jn31kn33zzni4icd38k,PetSkill,3,1,1,魔弹射击,null,system,oqsuncckgr29wflq4g8kvq7p,,,
p9ebpg6w3muet63kv5t89p54,PetSkill,4,1,1,阵风爆燃,null,system,vw7z09oll9yjrr8871f6wdi1,,,
g1qib0wf6d06urwejq1c2d3s,PetSkill,0,2,2,环形治愈,null,system,m1ac1btn0df5s7uz0dnasgo1,,,
uhidvhgztgos7d68jqdwxig1,PetSkill,1,2,2,越战越勇,null,system,lwvkw5zqbct0pkx3pcpuck0i,,,
chh3l58yphjblmz0cvpyc95x,PetSkill,2,2,2,急救(宠物),null,system,w0978enpqe7gz63uf6sl9d1l,,,
yh87dt3dw7514rqwc3rvuj2q,PetSkill,3,2,2,精神焕发,null,system,v3hmc3eqsd8k89yb1e17bz5n,,,
u6xqzclmoawmmj6qedxlzy68,PetSkill,4,2,2,疗伤大法,null,system,qjv8vf30x1u30p7gztbkpq3p,,,
xdplowk1s30d191qvwhdjtfu,PetSkill,0,3,3,扫堂腿,null,system,cvur47s1gqak651dn5oto69y,,,
szeaimbnod79m1yl29doht20,PetSkill,1,3,3,高压威逼,null,system,uuu3imu69fn3ldzx02a96nr0,,,
w3wtnjxebqsk5pmn0yhketcf,PetSkill,2,3,3,激狂怒击,null,system,wcnjjeckif9j92ftk1909r0j,,,
gjwavef2em049i6esegybjcu,PetSkill,3,3,3,有眼无珠,null,system,zxwzmyasavtlsqs31edojvnh,,,
l1ftiw4n6pspoqokubm6pplt,PetSkill,4,3,3,堅不可摧,null,system,es8xgenwpopre319aubz0owl,,,
bv9ovtv6pqyyfrm0cyshr3b8,PetSkill,0,4,4,晕头转向,null,system,zngc414shvqrwpbkure6apxg,,,
w4b98a6idau2evzosd2wkbbb,PetSkill,1,4,4,替罪羔羊,null,system,uzb7x88odhu2jcvoekdtxphm,,,
dj17ebj8l37vht1mipvi02yc,PetSkill,2,4,4,吸收HP,null,system,uvnrcskmvy5p3aj6y9zvlwqm,,,
ovcanjj647fe96mfme71wyaj,PetSkill,3,4,4,MP高升,null,system,y0wvew7dgc00w70ltunycjsh,,,
y3ea9yrl94t200qdl2v1363m,PetSkill,4,4,4,破封穿心,null,system,jdzpmngfrn9xxyx3v7zkgkt7,,,
